CREATE DATABASE  IF NOT EXISTS `cubesat_copy` /*!40100 DEFAULT CHARACTER SET utf8 */;
USE `cubesat_copy`;
-- MySQL dump 10.13  Distrib 5.6.13, for Win32 (x86)
--
-- Host: localhost    Database: cubesat_copy
-- ------------------------------------------------------
-- Server version	5.7.14-log

/*!40101 SET @OLD_CHARACTER_SET_CLIENT=@@CHARACTER_SET_CLIENT */;
/*!40101 SET @OLD_CHARACTER_SET_RESULTS=@@CHARACTER_SET_RESULTS */;
/*!40101 SET @OLD_COLLATION_CONNECTION=@@COLLATION_CONNECTION */;
/*!40101 SET NAMES utf8 */;
/*!40103 SET @OLD_TIME_ZONE=@@TIME_ZONE */;
/*!40103 SET TIME_ZONE='+00:00' */;
/*!40014 SET @OLD_UNIQUE_CHECKS=@@UNIQUE_CHECKS, UNIQUE_CHECKS=0 */;
/*!40014 SET @OLD_FOREIGN_KEY_CHECKS=@@FOREIGN_KEY_CHECKS, FOREIGN_KEY_CHECKS=0 */;
/*!40101 SET @OLD_SQL_MODE=@@SQL_MODE, SQL_MODE='NO_AUTO_VALUE_ON_ZERO' */;
/*!40111 SET @OLD_SQL_NOTES=@@SQL_NOTES, SQL_NOTES=0 */;

--
-- Table structure for table `address`
--

DROP TABLE IF EXISTS `address`;
/*!40101 SET @saved_cs_client     = @@character_set_client */;
/*!40101 SET character_set_client = utf8 */;
CREATE TABLE `address` (
  `BYTENO` int(11) NOT NULL,
  `PACKETID` int(11) DEFAULT NULL,
  `SENSORNO` int(11) DEFAULT NULL,
  `BITS` int(11) DEFAULT NULL,
  `BYTEORDER` int(11) DEFAULT NULL,
  KEY `FK_RELATIONSHIP_2` (`PACKETID`),
  KEY `FK_RELATIONSHIP_3` (`SENSORNO`),
  CONSTRAINT `FK_RELATIONSHIP_2` FOREIGN KEY (`PACKETID`) REFERENCES `packet` (`PACKETID`),
  CONSTRAINT `FK_RELATIONSHIP_3` FOREIGN KEY (`SENSORNO`) REFERENCES `sensors` (`SENSORNO`)
) ENGINE=InnoDB DEFAULT CHARSET=latin1;
/*!40101 SET character_set_client = @saved_cs_client */;

--
-- Dumping data for table `address`
--

LOCK TABLES `address` WRITE;
/*!40000 ALTER TABLE `address` DISABLE KEYS */;
INSERT INTO `address` VALUES (1,1,1,255,1),(2,1,1,255,0),(3,1,2,255,1),(4,1,2,255,0),(5,1,3,255,1),(6,1,3,255,0),(7,1,4,255,1),(8,1,4,255,0),(9,1,5,255,1),(10,1,5,255,0),(11,1,6,255,1),(12,1,6,255,0),(13,1,7,255,1),(14,1,7,255,0),(15,1,8,255,1),(16,1,8,255,0),(17,1,9,255,1),(18,1,9,255,0),(19,1,10,255,1),(20,1,10,255,0),(21,1,11,255,1),(22,1,11,255,0),(23,1,12,255,1),(24,1,12,255,0),(25,1,13,255,1),(26,1,13,255,0);
/*!40000 ALTER TABLE `address` ENABLE KEYS */;
UNLOCK TABLES;

--
-- Table structure for table `packet`
--

DROP TABLE IF EXISTS `packet`;
/*!40101 SET @saved_cs_client     = @@character_set_client */;
/*!40101 SET character_set_client = utf8 */;
CREATE TABLE `packet` (
  `PACKETID` int(11) NOT NULL,
  `SYSTEMID` int(11) DEFAULT NULL,
  `PACKETADDRESS` int(11) DEFAULT NULL,
  `PACKETSENSORS` varchar(5000) DEFAULT NULL,
  PRIMARY KEY (`PACKETID`),
  KEY `FK_RELATIONSHIP_1` (`SYSTEMID`),
  CONSTRAINT `FK_RELATIONSHIP_1` FOREIGN KEY (`SYSTEMID`) REFERENCES `system` (`SYSTEMID`)
) ENGINE=InnoDB DEFAULT CHARSET=latin1;
/*!40101 SET character_set_client = @saved_cs_client */;

--
-- Dumping data for table `packet`
--

LOCK TABLES `packet` WRITE;
/*!40000 ALTER TABLE `packet` DISABLE KEYS */;
INSERT INTO `packet` VALUES (1,1,9,'Solar Array Voltage,Battery Voltage,5V bus Voltage (Mux Address= 6),3.3V bus Voltage1 (Mux Address= 5),3.3V bus Voltage2 (Mux Address= 1),Temperature Sensor of BatteryT1_BAT,Temperature Sensor of BatteryT2_BAT,Solar Array Current,5V bus Current,3.3V bus Current1,3.3V bus Current2,Battery Current,Kill switch status'),(2,3,88,'No Sensors');
/*!40000 ALTER TABLE `packet` ENABLE KEYS */;
UNLOCK TABLES;

--
-- Table structure for table `packetrecive`
--

DROP TABLE IF EXISTS `packetrecive`;
/*!40101 SET @saved_cs_client     = @@character_set_client */;
/*!40101 SET character_set_client = utf8 */;
CREATE TABLE `packetrecive` (
  `PACKETSEQUENCE` int(11) NOT NULL,
  `SESSIONID` int(11) DEFAULT NULL,
  `PACKETID` int(11) DEFAULT NULL,
  `Time` varchar(1000) NOT NULL,
  `File_Name` varchar(200) DEFAULT NULL,
  PRIMARY KEY (`PACKETSEQUENCE`),
  KEY `FK_RELATIONSHIP_4` (`SESSIONID`),
  KEY `FK_RELATIONSHIP_6` (`PACKETID`)
) ENGINE=InnoDB DEFAULT CHARSET=latin1;
/*!40101 SET character_set_client = @saved_cs_client */;

--
-- Dumping data for table `packetrecive`
--

LOCK TABLES `packetrecive` WRITE;
/*!40000 ALTER TABLE `packetrecive` DISABLE KEYS */;
INSERT INTO `packetrecive` VALUES (1,217,1,'2020/06/26 00:28:51','F:OnlineTLM_712_05_42_49_Jan_05_01_2020.dat'),(2,218,1,'2020/06/28 23:44:18','F:Computers&InformationAI Satellite LABFormal MaterialOnLine TLMOnLine TLMOnlineTLM_712_05_42_49_Jan_05_01_2020.dat'),(3,219,1,'2020/06/29 00:09:58','F:Computers&InformationAI Satellite LABFormal MaterialOnLine TLMOnLine TLMOnlineTLM_819_03_10_17_Jan_12_01_2020.dat'),(4,222,1,'2020/06/29 00:17:05','F:OnlineTLM_712_05_42_49_Jan_05_01_2020.dat'),(5,224,1,'2020/06/29 23:56:51','F:Computers&InformationAI Satellite LABFormal MaterialOnLine TLMOnLine TLMOnlineTLM_1043_13_03_17_Jan_26_01_2020.dat'),(6,227,1,'2020/06/30 00:16:33','F:Computers&InformationAI Satellite LABFormal MaterialOnLine TLMOnLine TLMOnlineTLM_1415_12_34_19_Feb_19_02_2020.dat'),(7,230,1,'2020/06/30 00:31:17','F:Computers&InformationAI Satellite LABFormal MaterialOnLine TLMOnLine TLMOnlineTLM_1415_12_34_19_Feb_19_02_2020.dat'),(8,231,1,'2020/06/30 00:41:32','OnlineTLM_1369_13_27_46_Feb_16_02_2020'),(9,232,1,'2020/06/30 14:26:34','OnlineTLM_712_05_42_49_Jan_05_01_2020');
/*!40000 ALTER TABLE `packetrecive` ENABLE KEYS */;
UNLOCK TABLES;

--
-- Table structure for table `sensors`
--

DROP TABLE IF EXISTS `sensors`;
/*!40101 SET @saved_cs_client     = @@character_set_client */;
/*!40101 SET character_set_client = utf8 */;
CREATE TABLE `sensors` (
  `SENSORNO` int(11) NOT NULL,
  `TYPEID` int(11) DEFAULT NULL,
  `SENSORUNIT` varchar(10) DEFAULT NULL,
  `DSISPLAYFORMAT` varchar(100) DEFAULT NULL,
  `FORMAT` varchar(5) DEFAULT NULL,
  `MIN_VALUE` float DEFAULT NULL,
  `MAX_VALUE` float DEFAULT NULL,
  `SENSORNAME` varchar(100) DEFAULT NULL,
  `SENSORDESC` varchar(1000) DEFAULT NULL,
  PRIMARY KEY (`SENSORNO`),
  KEY `FK_RELATIONSHIP_11` (`TYPEID`),
  CONSTRAINT `FK_RELATIONSHIP_11` FOREIGN KEY (`TYPEID`) REFERENCES `type` (`TYPEID`)
) ENGINE=InnoDB DEFAULT CHARSET=latin1;
/*!40101 SET character_set_client = @saved_cs_client */;

--
-- Dumping data for table `sensors`
--

LOCK TABLES `sensors` WRITE;
/*!40000 ALTER TABLE `sensors` DISABLE KEYS */;
INSERT INTO `sensors` VALUES (1,3,'V','decimal','+',0,2.5,'Solar Array Voltage',''),(2,3,'V','decimal','+',0,2,'Battery Voltage',''),(3,3,'V','decimal','+',0,2.62,'5V bus Voltage (Mux Address= 6)',''),(4,3,'V','decimal','+',0,1.665,'3.3V bus Voltage1 (Mux Address= 5)',''),(5,3,'V','decimal','+',0,1.665,'3.3V bus Voltage2 (Mux Address= 1)',''),(6,3,'V','decimal','+',2.53,3.23,'Temperature Sensor of BatteryT1_BAT',''),(7,3,'C','decimal','+',2.53,3.23,'Temperature Sensor of BatteryT2_BAT',''),(8,3,'C','Decimal','+',0,2.35,'Solar Array Current',''),(9,3,'A','Decimal','+',0,2.35,'5V bus Current',''),(10,3,'A','Decimal','+',0,2.35,'3.3V bus Current1',''),(11,3,'A','Decimal','+',0,2.35,'3.3V bus Current2',''),(12,3,'A','Decimal','+',0.25,2.25,'Battery Current',''),(13,3,'V','Decimal','-',0,2.5,'Kill switch status','');
/*!40000 ALTER TABLE `sensors` ENABLE KEYS */;
UNLOCK TABLES;

--
-- Table structure for table `session`
--

DROP TABLE IF EXISTS `session`;
/*!40101 SET @saved_cs_client     = @@character_set_client */;
/*!40101 SET character_set_client = utf8 */;
CREATE TABLE `session` (
  `SESSIONID` int(11) NOT NULL,
  `SESSIONNO` int(11) DEFAULT NULL,
  PRIMARY KEY (`SESSIONID`)
) ENGINE=InnoDB DEFAULT CHARSET=latin1;
/*!40101 SET character_set_client = @saved_cs_client */;

--
-- Dumping data for table `session`
--

LOCK TABLES `session` WRITE;
/*!40000 ALTER TABLE `session` DISABLE KEYS */;
INSERT INTO `session` VALUES (1,1),(2,2),(3,2),(4,2),(5,2),(6,2),(7,2),(8,2),(9,2),(10,2),(11,2),(12,2),(13,2),(14,2),(15,2),(16,2),(17,2),(18,2),(19,2),(20,2),(21,2),(22,2),(23,2),(24,2),(25,2),(26,2),(27,2),(28,2),(29,2),(30,2),(31,2),(32,2),(33,2),(34,2),(35,2),(36,2),(37,2),(38,2),(39,2),(40,2),(41,2),(42,2),(43,2),(44,2),(45,2),(46,2),(47,2),(48,2),(49,2),(50,2),(51,2),(52,2),(53,2),(54,2),(55,2),(56,2),(57,2),(58,2),(59,2),(60,2),(61,2),(62,2),(63,2),(64,2),(65,2),(66,2),(67,2),(68,2),(69,2),(70,2),(71,2),(72,2),(73,2),(74,2),(75,2),(76,2),(77,2),(78,2),(79,2),(80,2),(81,2),(82,2),(83,2),(84,2),(85,2),(86,2),(87,3),(88,4),(89,5),(90,6),(91,7),(92,8),(93,9),(94,10),(95,11),(96,12),(97,13),(98,14),(99,15),(100,16),(101,17),(102,18),(103,19),(104,20),(105,21),(106,22),(107,23),(108,24),(109,25),(110,26),(111,27),(112,28),(113,29),(114,30),(115,31),(116,32),(117,33),(118,34),(119,35),(120,36),(121,37),(122,38),(123,39),(124,40),(125,41),(126,42),(127,43),(128,44),(129,45),(130,46),(131,47),(132,48),(133,49),(134,50),(135,51),(136,52),(137,53),(138,54),(139,55),(140,56),(141,57),(142,58),(143,59),(144,60),(145,61),(146,62),(147,63),(148,64),(149,65),(150,66),(151,67),(152,68),(153,69),(154,70),(155,71),(156,72),(157,73),(158,74),(159,75),(160,76),(161,77),(162,78),(163,79),(164,80),(165,81),(166,82),(167,83),(168,84),(169,85),(170,86),(171,87),(172,88),(173,89),(174,90),(175,91),(176,92),(177,93),(178,94),(179,95),(180,96),(181,97),(182,98),(183,99),(184,100),(185,101),(186,102),(187,103),(188,104),(189,105),(190,106),(191,107),(192,108),(193,109),(194,110),(195,111),(196,112),(197,113),(198,114),(199,115),(200,116),(201,117),(202,118),(203,119),(204,120),(205,121),(206,122),(207,123),(208,124),(209,125),(210,126),(211,127),(212,128),(213,129),(214,130),(215,131),(216,132),(217,133),(218,134),(219,135),(220,136),(221,137),(222,138),(223,139),(224,140),(225,141),(226,142),(227,143),(228,144),(229,145),(230,146),(231,147),(232,148);
/*!40000 ALTER TABLE `session` ENABLE KEYS */;
UNLOCK TABLES;

--
-- Table structure for table `sessionselected`
--

DROP TABLE IF EXISTS `sessionselected`;
/*!40101 SET @saved_cs_client     = @@character_set_client */;
/*!40101 SET character_set_client = utf8 */;
CREATE TABLE `sessionselected` (
  `SelectedID` int(11) NOT NULL,
  `SessionSelected` varchar(1000) DEFAULT NULL
) ENGINE=InnoDB DEFAULT CHARSET=utf8;
/*!40101 SET character_set_client = @saved_cs_client */;

--
-- Dumping data for table `sessionselected`
--

LOCK TABLES `sessionselected` WRITE;
/*!40000 ALTER TABLE `sessionselected` DISABLE KEYS */;
INSERT INTO `sessionselected` VALUES (1,'217'),(2,'217'),(3,'217'),(4,'217'),(5,'217'),(6,'217'),(7,'217'),(8,'217'),(9,'217'),(10,'217'),(11,'217'),(12,'217'),(13,'217'),(14,'217'),(15,'217'),(16,'217'),(17,'217'),(18,'217'),(19,'217'),(20,'217'),(21,'217'),(22,'217'),(23,'217'),(24,'217'),(25,'217'),(26,'217'),(27,'217'),(28,'217'),(29,'217'),(30,'217'),(31,'217'),(32,'217'),(33,'217'),(34,'217'),(35,'218'),(36,'218'),(37,'219'),(38,'219,222,'),(39,'218,219,'),(40,'219,222,'),(41,'218'),(41,'219'),(42,'222'),(43,'219'),(43,'222'),(44,'217'),(44,'218'),(45,'217'),(45,'218'),(46,'218'),(46,'219'),(47,'217'),(47,'222'),(48,'218'),(48,'222'),(49,'217'),(49,'218'),(49,'219'),(50,'217'),(50,'218'),(50,'219'),(50,'222'),(51,'217'),(51,'218'),(51,'219'),(51,'222'),(52,'222'),(53,'217'),(53,'218'),(54,'219'),(54,'222'),(55,'218'),(55,'222'),(56,'217'),(56,'222'),(57,'231');
/*!40000 ALTER TABLE `sessionselected` ENABLE KEYS */;
UNLOCK TABLES;

--
-- Table structure for table `standard`
--

DROP TABLE IF EXISTS `standard`;
/*!40101 SET @saved_cs_client     = @@character_set_client */;
/*!40101 SET character_set_client = utf8 */;
CREATE TABLE `standard` (
  `APID` int(11) DEFAULT NULL,
  `DATA` int(11) DEFAULT NULL,
  `Time` int(11) NOT NULL,
  `TYPE` varchar(500) DEFAULT NULL
) ENGINE=InnoDB DEFAULT CHARSET=latin1;
/*!40101 SET character_set_client = @saved_cs_client */;

--
-- Dumping data for table `standard`
--

LOCK TABLES `standard` WRITE;
/*!40000 ALTER TABLE `standard` DISABLE KEYS */;
INSERT INTO `standard` VALUES (29,28,0,'bytes'),(29,28,0,'bytes');
/*!40000 ALTER TABLE `standard` ENABLE KEYS */;
UNLOCK TABLES;

--
-- Table structure for table `storage`
--

DROP TABLE IF EXISTS `storage`;
/*!40101 SET @saved_cs_client     = @@character_set_client */;
/*!40101 SET character_set_client = utf8 */;
CREATE TABLE `storage` (
  `sessionID` int(11) NOT NULL,
  `PACKETSEQUENCE` int(11) DEFAULT NULL,
  `SENSORNO` int(11) DEFAULT NULL,
  `CODE` int(11) DEFAULT NULL,
  `VALUE` varchar(500) DEFAULT NULL,
  `Time` varchar(1000) NOT NULL,
  `OBC_Time` varchar(200) DEFAULT NULL,
  `Ground_Time` varchar(200) DEFAULT NULL,
  `Mode` varchar(200) DEFAULT NULL,
  `Subsystem` varchar(200) DEFAULT NULL,
  `Frame` varchar(200) DEFAULT NULL,
  KEY `FK_RELATIONSHIP_5` (`PACKETSEQUENCE`),
  KEY `FK_RELATIONSHIP_7` (`SENSORNO`),
  KEY `sessionID` (`sessionID`),
  CONSTRAINT `FK_RELATIONSHIP_7` FOREIGN KEY (`SENSORNO`) REFERENCES `sensors` (`SENSORNO`),
  CONSTRAINT `storage_ibfk_1` FOREIGN KEY (`sessionID`) REFERENCES `session` (`SESSIONID`)
) ENGINE=InnoDB DEFAULT CHARSET=latin1;
/*!40101 SET character_set_client = @saved_cs_client */;

--
-- Dumping data for table `storage`
--

LOCK TABLES `storage` WRITE;
/*!40000 ALTER TABLE `storage` DISABLE KEYS */;
INSERT INTO `storage` VALUES (182,1490,1,6664,'13328','',NULL,NULL,NULL,NULL,NULL),(182,1490,2,9991,'19982','',NULL,NULL,NULL,NULL,NULL),(182,1490,3,64005,'128010','',NULL,NULL,NULL,NULL,NULL),(182,1490,4,63749,'127498','',NULL,NULL,NULL,NULL,NULL),(182,1490,5,43531,'87062','',NULL,NULL,NULL,NULL,NULL),(182,1490,6,36365,'9927642.27','',NULL,NULL,NULL,NULL,NULL),(182,1490,7,31757,'8669658.27','',NULL,NULL,NULL,NULL,NULL),(182,1490,8,0,'0.0','',NULL,NULL,NULL,NULL,NULL),(182,1490,9,0,'0.0','',NULL,NULL,NULL,NULL,NULL),(182,1490,10,0,'0.0','',NULL,NULL,NULL,NULL,NULL),(182,1490,11,0,'0.0','',NULL,NULL,NULL,NULL,NULL),(182,1490,12,56066,'175206.25','',NULL,NULL,NULL,NULL,NULL),(182,1490,13,-65280,'-130560','',NULL,NULL,NULL,NULL,NULL),(183,1490,1,6664,'13328','',NULL,NULL,NULL,NULL,NULL),(183,1490,2,9991,'19982','',NULL,NULL,NULL,NULL,NULL),(183,1490,3,64005,'128010','',NULL,NULL,NULL,NULL,NULL),(183,1490,4,63749,'127498','',NULL,NULL,NULL,NULL,NULL),(183,1490,5,43531,'87062','',NULL,NULL,NULL,NULL,NULL),(183,1490,6,36365,'9927642.27','',NULL,NULL,NULL,NULL,NULL),(183,1490,7,31757,'8669658.27','',NULL,NULL,NULL,NULL,NULL),(183,1490,8,0,'0.0','',NULL,NULL,NULL,NULL,NULL),(183,1490,9,0,'0.0','',NULL,NULL,NULL,NULL,NULL),(183,1490,10,0,'0.0','',NULL,NULL,NULL,NULL,NULL),(183,1490,11,0,'0.0','',NULL,NULL,NULL,NULL,NULL),(183,1490,12,56066,'175206.25','',NULL,NULL,NULL,NULL,NULL),(183,1490,13,-65280,'-130560','',NULL,NULL,NULL,NULL,NULL),(184,1490,1,6664,'13328','',NULL,NULL,NULL,NULL,NULL),(184,1490,2,9991,'19982','',NULL,NULL,NULL,NULL,NULL),(184,1490,3,64005,'128010','',NULL,NULL,NULL,NULL,NULL),(184,1490,4,63749,'127498','',NULL,NULL,NULL,NULL,NULL),(184,1490,5,43531,'87062','',NULL,NULL,NULL,NULL,NULL),(184,1490,6,36365,'9927642.27','',NULL,NULL,NULL,NULL,NULL),(184,1490,7,31757,'8669658.27','',NULL,NULL,NULL,NULL,NULL),(184,1490,8,0,'0.0','',NULL,NULL,NULL,NULL,NULL),(184,1490,9,0,'0.0','',NULL,NULL,NULL,NULL,NULL),(184,1490,10,0,'0.0','',NULL,NULL,NULL,NULL,NULL),(184,1490,11,0,'0.0','',NULL,NULL,NULL,NULL,NULL),(184,1490,12,56066,'175206.25','',NULL,NULL,NULL,NULL,NULL),(184,1490,13,-65280,'-130560','',NULL,NULL,NULL,NULL,NULL),(185,1490,1,6664,'13328','',NULL,NULL,NULL,NULL,NULL),(185,1490,2,9991,'19982','',NULL,NULL,NULL,NULL,NULL),(185,1490,3,64005,'128010','',NULL,NULL,NULL,NULL,NULL),(185,1490,4,63749,'127498','',NULL,NULL,NULL,NULL,NULL),(185,1490,5,43531,'87062','',NULL,NULL,NULL,NULL,NULL),(185,1490,6,36365,'9927642.27','',NULL,NULL,NULL,NULL,NULL),(185,1490,7,31757,'8669658.27','',NULL,NULL,NULL,NULL,NULL),(185,1490,8,0,'0.0','',NULL,NULL,NULL,NULL,NULL),(185,1490,9,0,'0.0','',NULL,NULL,NULL,NULL,NULL),(185,1490,10,0,'0.0','',NULL,NULL,NULL,NULL,NULL),(185,1490,11,0,'0.0','',NULL,NULL,NULL,NULL,NULL),(185,1490,12,56066,'175206.25','',NULL,NULL,NULL,NULL,NULL),(185,1490,13,-65280,'-130560','',NULL,NULL,NULL,NULL,NULL),(186,1490,1,6664,'13328','',NULL,NULL,NULL,NULL,NULL),(186,1490,2,9991,'19982','',NULL,NULL,NULL,NULL,NULL),(186,1490,3,64005,'128010','',NULL,NULL,NULL,NULL,NULL),(186,1490,4,63749,'127498','',NULL,NULL,NULL,NULL,NULL),(186,1490,5,43531,'87062','',NULL,NULL,NULL,NULL,NULL),(186,1490,6,36365,'9927642.27','',NULL,NULL,NULL,NULL,NULL),(186,1490,7,31757,'8669658.27','',NULL,NULL,NULL,NULL,NULL),(186,1490,8,0,'0.0','',NULL,NULL,NULL,NULL,NULL),(186,1490,9,0,'0.0','',NULL,NULL,NULL,NULL,NULL),(186,1490,10,0,'0.0','',NULL,NULL,NULL,NULL,NULL),(186,1490,11,0,'0.0','',NULL,NULL,NULL,NULL,NULL),(186,1490,12,56066,'175206.25','',NULL,NULL,NULL,NULL,NULL),(186,1490,13,-65280,'-130560','',NULL,NULL,NULL,NULL,NULL),(187,1490,1,0,'0','',NULL,NULL,NULL,NULL,NULL),(188,1490,1,0,'0','',NULL,NULL,NULL,NULL,NULL),(189,1490,1,0,'0','',NULL,NULL,NULL,NULL,NULL),(190,1490,1,2074,'4148','',NULL,NULL,NULL,NULL,NULL),(190,1490,2,9991,'19982','',NULL,NULL,NULL,NULL,NULL),(190,1490,3,64005,'128010','',NULL,NULL,NULL,NULL,NULL),(190,1490,4,63749,'127498','',NULL,NULL,NULL,NULL,NULL),(190,1490,5,43531,'87062','',NULL,NULL,NULL,NULL,NULL),(190,1490,6,36365,'9927642.27','',NULL,NULL,NULL,NULL,NULL),(190,1490,7,31757,'8669658.27','',NULL,NULL,NULL,NULL,NULL),(190,1490,8,0,'0.0','',NULL,NULL,NULL,NULL,NULL),(190,1490,9,0,'0.0','',NULL,NULL,NULL,NULL,NULL),(190,1490,10,0,'0.0','',NULL,NULL,NULL,NULL,NULL),(190,1490,11,0,'0.0','',NULL,NULL,NULL,NULL,NULL),(190,1490,12,56066,'175206.25','',NULL,NULL,NULL,NULL,NULL),(190,1490,13,-65280,'-130560','',NULL,NULL,NULL,NULL,NULL),(191,1490,1,6664,'13328','',NULL,NULL,NULL,NULL,NULL),(191,1490,2,9991,'19982','',NULL,NULL,NULL,NULL,NULL),(191,1490,3,64005,'128010','',NULL,NULL,NULL,NULL,NULL),(191,1490,4,63749,'127498','',NULL,NULL,NULL,NULL,NULL),(191,1490,5,43531,'87062','',NULL,NULL,NULL,NULL,NULL),(191,1490,6,36365,'9927642.27','',NULL,NULL,NULL,NULL,NULL),(191,1490,7,31757,'8669658.27','',NULL,NULL,NULL,NULL,NULL),(191,1490,8,0,'0.0','',NULL,NULL,NULL,NULL,NULL),(191,1490,9,0,'0.0','',NULL,NULL,NULL,NULL,NULL),(191,1490,10,0,'0.0','',NULL,NULL,NULL,NULL,NULL),(191,1490,11,0,'0.0','',NULL,NULL,NULL,NULL,NULL),(191,1490,12,56066,'175206.25','',NULL,NULL,NULL,NULL,NULL),(191,1490,13,-65280,'-130560','',NULL,NULL,NULL,NULL,NULL),(192,1490,1,6664,'13328','',NULL,NULL,NULL,NULL,NULL),(192,1490,2,9991,'19982','',NULL,NULL,NULL,NULL,NULL),(192,1490,3,64005,'128010','',NULL,NULL,NULL,NULL,NULL),(192,1490,4,63749,'127498','',NULL,NULL,NULL,NULL,NULL),(192,1490,5,43531,'87062','',NULL,NULL,NULL,NULL,NULL),(192,1490,6,36365,'9927642.27','',NULL,NULL,NULL,NULL,NULL),(192,1490,7,31757,'8669658.27','',NULL,NULL,NULL,NULL,NULL),(192,1490,8,0,'0.0','',NULL,NULL,NULL,NULL,NULL),(192,1490,9,0,'0.0','',NULL,NULL,NULL,NULL,NULL),(192,1490,10,0,'0.0','',NULL,NULL,NULL,NULL,NULL),(192,1490,11,0,'0.0','',NULL,NULL,NULL,NULL,NULL),(192,1490,12,56066,'175206.25','',NULL,NULL,NULL,NULL,NULL),(192,1490,13,-65280,'-130560','',NULL,NULL,NULL,NULL,NULL),(193,1490,1,6664,'13328','',NULL,NULL,NULL,NULL,NULL),(193,1490,2,9991,'19982','',NULL,NULL,NULL,NULL,NULL),(193,1490,3,64005,'128010','',NULL,NULL,NULL,NULL,NULL),(193,1490,4,63749,'127498','',NULL,NULL,NULL,NULL,NULL),(193,1490,5,43531,'87062','',NULL,NULL,NULL,NULL,NULL),(193,1490,6,36365,'9927642.27','',NULL,NULL,NULL,NULL,NULL),(193,1490,7,31757,'8669658.27','',NULL,NULL,NULL,NULL,NULL),(193,1490,8,0,'0.0','',NULL,NULL,NULL,NULL,NULL),(193,1490,9,0,'0.0','',NULL,NULL,NULL,NULL,NULL),(193,1490,10,0,'0.0','',NULL,NULL,NULL,NULL,NULL),(193,1490,11,0,'0.0','',NULL,NULL,NULL,NULL,NULL),(193,1490,12,56066,'175206.25','',NULL,NULL,NULL,NULL,NULL),(193,1490,13,-65280,'-130560','',NULL,NULL,NULL,NULL,NULL),(194,1490,1,2074,'4148','',NULL,NULL,NULL,NULL,NULL),(194,1490,2,1831,'3662','',NULL,NULL,NULL,NULL,NULL),(194,1490,3,64005,'128010','',NULL,NULL,NULL,NULL,NULL),(194,1490,4,63749,'127498','',NULL,NULL,NULL,NULL,NULL),(194,1490,5,43531,'87062','',NULL,NULL,NULL,NULL,NULL),(194,1490,6,36365,'9927642.27','',NULL,NULL,NULL,NULL,NULL),(194,1490,7,31757,'8669658.27','',NULL,NULL,NULL,NULL,NULL),(194,1490,8,0,'0.0','',NULL,NULL,NULL,NULL,NULL),(194,1490,9,0,'0.0','',NULL,NULL,NULL,NULL,NULL),(194,1490,10,0,'0.0','',NULL,NULL,NULL,NULL,NULL),(194,1490,11,0,'0.0','',NULL,NULL,NULL,NULL,NULL),(194,1490,12,56066,'175206.25','',NULL,NULL,NULL,NULL,NULL),(194,1490,13,-65280,'-130560','',NULL,NULL,NULL,NULL,NULL),(195,1490,1,2074,'3.3427106227106225','',NULL,NULL,NULL,NULL,NULL),(195,1490,2,1831,'2.9510622710622707','',NULL,NULL,NULL,NULL,NULL),(195,1490,3,1530,'2.465934065934066','',NULL,NULL,NULL,NULL,NULL),(195,1490,4,1529,'2.464322344322344','',NULL,NULL,NULL,NULL,NULL),(195,1490,5,2986,'4.812600732600732','',NULL,NULL,NULL,NULL,NULL),(195,1490,6,3470,'763.3977999999998','',NULL,NULL,NULL,NULL,NULL),(195,1490,7,3452,'759.4377999999999','',NULL,NULL,NULL,NULL,NULL),(195,1490,8,0,'0.0','',NULL,NULL,NULL,NULL,NULL),(195,1490,9,0,'0.0','',NULL,NULL,NULL,NULL,NULL),(195,1490,10,0,'0.0','',NULL,NULL,NULL,NULL,NULL),(195,1490,11,0,'0.0','',NULL,NULL,NULL,NULL,NULL),(195,1490,12,731,'1.8408882783882783','',NULL,NULL,NULL,NULL,NULL),(195,1490,13,-65535,'-105.62417582417582','',NULL,NULL,NULL,NULL,NULL),(196,1490,1,2074,'3.3427106227106225','',NULL,NULL,NULL,NULL,NULL),(196,1490,2,1831,'2.9510622710622707','',NULL,NULL,NULL,NULL,NULL),(196,1490,3,1530,'2.465934065934066','',NULL,NULL,NULL,NULL,NULL),(196,1490,4,1529,'2.464322344322344','',NULL,NULL,NULL,NULL,NULL),(196,1490,5,2986,'4.812600732600732','',NULL,NULL,NULL,NULL,NULL),(196,1490,6,3470,'763.3977999999998','',NULL,NULL,NULL,NULL,NULL),(196,1490,7,3452,'759.4377999999999','',NULL,NULL,NULL,NULL,NULL),(196,1490,8,0,'0.0','',NULL,NULL,NULL,NULL,NULL),(196,1490,9,0,'0.0','',NULL,NULL,NULL,NULL,NULL),(196,1490,10,0,'0.0','',NULL,NULL,NULL,NULL,NULL),(196,1490,11,0,'0.0','',NULL,NULL,NULL,NULL,NULL),(196,1490,12,731,'1.8408882783882783','',NULL,NULL,NULL,NULL,NULL),(196,1490,13,-65535,'-105.62417582417582','',NULL,NULL,NULL,NULL,NULL),(197,1490,1,2074,'3.3427106227106225','',NULL,NULL,NULL,NULL,NULL),(197,1490,2,1831,'2.9510622710622707','',NULL,NULL,NULL,NULL,NULL),(197,1490,3,1530,'2.465934065934066','',NULL,NULL,NULL,NULL,NULL),(197,1490,4,1529,'2.464322344322344','',NULL,NULL,NULL,NULL,NULL),(197,1490,5,2986,'4.812600732600732','',NULL,NULL,NULL,NULL,NULL),(197,1490,6,3470,'0.010242963141864238','',NULL,NULL,NULL,NULL,NULL),(197,1490,7,3452,'0.010189829462356933','',NULL,NULL,NULL,NULL,NULL),(197,1490,8,0,'0.0','',NULL,NULL,NULL,NULL,NULL),(197,1490,9,0,'0.0','',NULL,NULL,NULL,NULL,NULL),(197,1490,10,0,'0.0','',NULL,NULL,NULL,NULL,NULL),(197,1490,11,0,'0.0','',NULL,NULL,NULL,NULL,NULL),(197,1490,12,731,'1.4701923076923078','',NULL,NULL,NULL,NULL,NULL),(197,1490,13,-65535,'-105.62417582417582','',NULL,NULL,NULL,NULL,NULL),(198,1490,1,2074,'3.3427106227106225','',NULL,NULL,NULL,NULL,NULL),(198,1490,2,1831,'2.9510622710622707','',NULL,NULL,NULL,NULL,NULL),(198,1490,3,1530,'2.465934065934066','',NULL,NULL,NULL,NULL,NULL),(198,1490,4,1529,'2.464322344322344','',NULL,NULL,NULL,NULL,NULL),(198,1490,5,2986,'4.812600732600732','',NULL,NULL,NULL,NULL,NULL),(198,1490,6,3470,'0.010242963141864238','',NULL,NULL,NULL,NULL,NULL),(198,1490,7,3452,'0.010189829462356933','',NULL,NULL,NULL,NULL,NULL),(198,1490,8,0,'0.0','',NULL,NULL,NULL,NULL,NULL),(198,1490,9,0,'0.0','',NULL,NULL,NULL,NULL,NULL),(198,1490,10,0,'0.0','',NULL,NULL,NULL,NULL,NULL),(198,1490,11,0,'0.0','',NULL,NULL,NULL,NULL,NULL),(198,1490,12,731,'1.4701923076923078','',NULL,NULL,NULL,NULL,NULL),(198,1490,13,-1,'-0.0016117216117216117','',NULL,NULL,NULL,NULL,NULL),(199,1490,1,2074,'3.979380777952206','',NULL,NULL,NULL,NULL,NULL),(199,1490,2,1831,'2.9510622710622707','',NULL,NULL,NULL,NULL,NULL),(199,1490,3,1530,'2.465934065934066','',NULL,NULL,NULL,NULL,NULL),(199,1490,4,1529,'2.464322344322344','',NULL,NULL,NULL,NULL,NULL),(199,1490,5,2986,'4.812600732600732','',NULL,NULL,NULL,NULL,NULL),(199,1490,6,3470,'6.657908599337171','',NULL,NULL,NULL,NULL,NULL),(199,1490,7,3452,'5.115272578459391','',NULL,NULL,NULL,NULL,NULL),(199,1490,8,0,'0.0','',NULL,NULL,NULL,NULL,NULL),(199,1490,9,0,'0.0','',NULL,NULL,NULL,NULL,NULL),(199,1490,10,0,'0.0','',NULL,NULL,NULL,NULL,NULL),(199,1490,11,0,'0.0','',NULL,NULL,NULL,NULL,NULL),(199,1490,12,731,'-2.8471300711866747','',NULL,NULL,NULL,NULL,NULL),(199,1490,13,-1,'-0.0016117216117216117','',NULL,NULL,NULL,NULL,NULL),(200,1490,1,2074,'4.027692307692307','',NULL,NULL,NULL,NULL,NULL),(200,1490,2,1831,'2.9510622710622707','',NULL,NULL,NULL,NULL,NULL),(200,1490,3,1530,'2.465934065934066','',NULL,NULL,NULL,NULL,NULL),(200,1490,4,1529,'2.464322344322344','',NULL,NULL,NULL,NULL,NULL),(200,1490,5,2986,'4.812600732600732','',NULL,NULL,NULL,NULL,NULL),(200,1490,6,3470,'6.657908599337171','',NULL,NULL,NULL,NULL,NULL),(200,1490,7,3452,'5.115272578459391','',NULL,NULL,NULL,NULL,NULL),(200,1490,8,0,'0.0','',NULL,NULL,NULL,NULL,NULL),(200,1490,9,0,'0.0','',NULL,NULL,NULL,NULL,NULL),(200,1490,10,0,'0.0','',NULL,NULL,NULL,NULL,NULL),(200,1490,11,0,'0.0','',NULL,NULL,NULL,NULL,NULL),(200,1490,12,731,'-2.8471300711866747','',NULL,NULL,NULL,NULL,NULL),(200,1490,13,1,'0.0016117216117216117','',NULL,NULL,NULL,NULL,NULL),(201,1490,1,2074,'4.027692307692307','',NULL,NULL,NULL,NULL,NULL),(201,1490,2,1831,'2.9510622710622707','',NULL,NULL,NULL,NULL,NULL),(201,1490,3,1530,'2.465934065934066','',NULL,NULL,NULL,NULL,NULL),(201,1490,4,1529,'2.464322344322344','',NULL,NULL,NULL,NULL,NULL),(201,1490,5,2986,'4.812600732600732','',NULL,NULL,NULL,NULL,NULL),(201,1490,6,3470,'6.657908599337171','',NULL,NULL,NULL,NULL,NULL),(201,1490,7,3452,'5.115272578459391','',NULL,NULL,NULL,NULL,NULL),(201,1490,8,0,'0.0','',NULL,NULL,NULL,NULL,NULL),(201,1490,9,0,'0.0','',NULL,NULL,NULL,NULL,NULL),(201,1490,10,0,'0.0','',NULL,NULL,NULL,NULL,NULL),(201,1490,11,0,'0.0','',NULL,NULL,NULL,NULL,NULL),(201,1490,12,731,'-2.8471300711866747','',NULL,NULL,NULL,NULL,NULL),(201,1490,13,1,'0.0016117216117216117','',NULL,NULL,NULL,NULL,NULL),(202,1490,1,2074,'4.027692307692307','',NULL,NULL,NULL,NULL,NULL),(202,1490,2,1831,'2.9510622710622707','',NULL,NULL,NULL,NULL,NULL),(202,1490,3,1530,'2.465934065934066','',NULL,NULL,NULL,NULL,NULL),(202,1490,4,1529,'2.464322344322344','',NULL,NULL,NULL,NULL,NULL),(202,1490,5,2986,'4.812600732600732','',NULL,NULL,NULL,NULL,NULL),(202,1490,6,3470,'6.657908599337171','',NULL,NULL,NULL,NULL,NULL),(202,1490,7,3452,'5.115272578459391','',NULL,NULL,NULL,NULL,NULL),(202,1490,8,0,'0.0','',NULL,NULL,NULL,NULL,NULL),(202,1490,9,0,'0.0','',NULL,NULL,NULL,NULL,NULL),(202,1490,10,0,'0.0','',NULL,NULL,NULL,NULL,NULL),(202,1490,11,0,'0.0','',NULL,NULL,NULL,NULL,NULL),(202,1490,12,731,'-2.8471300711866747','',NULL,NULL,NULL,NULL,NULL),(202,1490,13,1,'0.0016117216117216117','',NULL,NULL,NULL,NULL,NULL),(203,1490,1,2074,'4.027692307692307','',NULL,NULL,NULL,NULL,NULL),(203,1490,2,1831,'2.9510622710622707','',NULL,NULL,NULL,NULL,NULL),(203,1490,3,1530,'2.465934065934066','',NULL,NULL,NULL,NULL,NULL),(203,1490,4,1529,'2.464322344322344','',NULL,NULL,NULL,NULL,NULL),(203,1490,5,2986,'4.812600732600732','',NULL,NULL,NULL,NULL,NULL),(203,1490,6,3470,'6.657908599337171','',NULL,NULL,NULL,NULL,NULL),(203,1490,7,3452,'5.115272578459391','',NULL,NULL,NULL,NULL,NULL),(203,1490,8,0,'0.0','',NULL,NULL,NULL,NULL,NULL),(203,1490,9,0,'0.0','',NULL,NULL,NULL,NULL,NULL),(203,1490,10,0,'0.0','',NULL,NULL,NULL,NULL,NULL),(203,1490,11,0,'0.0','',NULL,NULL,NULL,NULL,NULL),(203,1490,12,731,'-2.8471300711866747','',NULL,NULL,NULL,NULL,NULL),(203,1490,13,1,'0.0016117216117216117','',NULL,NULL,NULL,NULL,NULL),(204,1490,1,2074,'4.027692307692307','',NULL,NULL,NULL,NULL,NULL),(204,1490,2,1831,'2.9510622710622707','',NULL,NULL,NULL,NULL,NULL),(204,1490,3,1530,'2.465934065934066','',NULL,NULL,NULL,NULL,NULL),(204,1490,4,1529,'2.464322344322344','',NULL,NULL,NULL,NULL,NULL),(204,1490,5,2986,'4.812600732600732','',NULL,NULL,NULL,NULL,NULL),(204,1490,6,3470,'6.657908599337171','',NULL,NULL,NULL,NULL,NULL),(204,1490,7,3452,'5.115272578459391','',NULL,NULL,NULL,NULL,NULL),(204,1490,8,0,'0.0','',NULL,NULL,NULL,NULL,NULL),(204,1490,9,0,'0.0','',NULL,NULL,NULL,NULL,NULL),(204,1490,10,0,'0.0','',NULL,NULL,NULL,NULL,NULL),(204,1490,11,0,'0.0','',NULL,NULL,NULL,NULL,NULL),(204,1490,12,731,'-2.8471300711866747','',NULL,NULL,NULL,NULL,NULL),(204,1490,13,1,'0.0016117216117216117','',NULL,NULL,NULL,NULL,NULL),(205,1490,1,2074,'4.027692307692307','',NULL,NULL,NULL,NULL,NULL),(205,1490,2,1831,'2.9510622710622707','',NULL,NULL,NULL,NULL,NULL),(205,1490,3,1530,'2.465934065934066','',NULL,NULL,NULL,NULL,NULL),(205,1490,4,1529,'2.464322344322344','',NULL,NULL,NULL,NULL,NULL),(205,1490,5,2986,'4.812600732600732','',NULL,NULL,NULL,NULL,NULL),(205,1490,6,3470,'6.657908599337171','',NULL,NULL,NULL,NULL,NULL),(205,1490,7,3452,'5.115272578459391','',NULL,NULL,NULL,NULL,NULL),(205,1490,8,0,'0.0','',NULL,NULL,NULL,NULL,NULL),(205,1490,9,0,'0.0','',NULL,NULL,NULL,NULL,NULL),(205,1490,10,0,'0.0','',NULL,NULL,NULL,NULL,NULL),(205,1490,11,0,'0.0','',NULL,NULL,NULL,NULL,NULL),(205,1490,12,731,'-2.8471300711866747','',NULL,NULL,NULL,NULL,NULL),(205,1490,13,1,'0.0016117216117216117','',NULL,NULL,NULL,NULL,NULL),(206,1490,1,2074,'4.027692307692307','',NULL,NULL,NULL,NULL,NULL),(206,1490,2,1831,'2.9510622710622707','',NULL,NULL,NULL,NULL,NULL),(206,1490,3,1530,'2.465934065934066','',NULL,NULL,NULL,NULL,NULL),(206,1490,4,1529,'2.464322344322344','',NULL,NULL,NULL,NULL,NULL),(206,1490,5,2986,'4.812600732600732','',NULL,NULL,NULL,NULL,NULL),(206,1490,6,3470,'6.657908599337171','',NULL,NULL,NULL,NULL,NULL),(206,1490,7,3452,'5.115272578459391','',NULL,NULL,NULL,NULL,NULL),(206,1490,8,0,'0.0','',NULL,NULL,NULL,NULL,NULL),(206,1490,9,0,'0.0','',NULL,NULL,NULL,NULL,NULL),(206,1490,10,0,'0.0','',NULL,NULL,NULL,NULL,NULL),(206,1490,11,0,'0.0','',NULL,NULL,NULL,NULL,NULL),(206,1490,12,731,'-2.8471300711866747','',NULL,NULL,NULL,NULL,NULL),(206,1490,13,1,'0.0016117216117216117','',NULL,NULL,NULL,NULL,NULL),(207,1490,1,2074,'4.027692307692307','',NULL,NULL,NULL,NULL,NULL),(207,1490,2,1831,'2.9510622710622707','',NULL,NULL,NULL,NULL,NULL),(207,1490,3,1530,'2.465934065934066','',NULL,NULL,NULL,NULL,NULL),(207,1490,4,1529,'2.464322344322344','',NULL,NULL,NULL,NULL,NULL),(207,1490,5,2986,'4.812600732600732','',NULL,NULL,NULL,NULL,NULL),(207,1490,6,3470,'6.657908599337171','',NULL,NULL,NULL,NULL,NULL),(207,1490,7,3452,'5.115272578459391','',NULL,NULL,NULL,NULL,NULL),(207,1490,8,0,'0.0','',NULL,NULL,NULL,NULL,NULL),(207,1490,9,0,'0.0','',NULL,NULL,NULL,NULL,NULL),(207,1490,10,0,'0.0','',NULL,NULL,NULL,NULL,NULL),(207,1490,11,0,'0.0','',NULL,NULL,NULL,NULL,NULL),(207,1490,12,731,'-2.8471300711866747','',NULL,NULL,NULL,NULL,NULL),(207,1490,13,1,'0.0016117216117216117','',NULL,NULL,NULL,NULL,NULL),(208,1490,1,2074,'4.027692307692307','',NULL,NULL,NULL,NULL,NULL),(208,1490,2,1831,'2.9510622710622707','',NULL,NULL,NULL,NULL,NULL),(208,1490,3,1530,'2.465934065934066','',NULL,NULL,NULL,NULL,NULL),(208,1490,4,1529,'2.464322344322344','',NULL,NULL,NULL,NULL,NULL),(208,1490,5,2986,'4.812600732600732','',NULL,NULL,NULL,NULL,NULL),(208,1490,6,3470,'6.657908599337171','',NULL,NULL,NULL,NULL,NULL),(208,1490,7,3452,'5.115272578459391','',NULL,NULL,NULL,NULL,NULL),(208,1490,8,0,'0.0','',NULL,NULL,NULL,NULL,NULL),(208,1490,9,0,'0.0','',NULL,NULL,NULL,NULL,NULL),(208,1490,10,0,'0.0','',NULL,NULL,NULL,NULL,NULL),(208,1490,11,0,'0.0','',NULL,NULL,NULL,NULL,NULL),(208,1490,12,731,'-2.8471300711866747','',NULL,NULL,NULL,NULL,NULL),(208,1490,13,1,'0.0016117216117216117','',NULL,NULL,NULL,NULL,NULL),(209,1490,1,2074,'4.027692307692307','',NULL,NULL,NULL,NULL,NULL),(209,1490,2,1831,'2.9510622710622707','',NULL,NULL,NULL,NULL,NULL),(209,1490,3,1530,'2.465934065934066','',NULL,NULL,NULL,NULL,NULL),(209,1490,4,1529,'2.464322344322344','',NULL,NULL,NULL,NULL,NULL),(209,1490,5,2986,'4.812600732600732','',NULL,NULL,NULL,NULL,NULL),(209,1490,6,3470,'6.657908599337171','',NULL,NULL,NULL,NULL,NULL),(209,1490,7,3452,'5.115272578459391','',NULL,NULL,NULL,NULL,NULL),(209,1490,8,0,'0.0','',NULL,NULL,NULL,NULL,NULL),(209,1490,9,0,'0.0','',NULL,NULL,NULL,NULL,NULL),(209,1490,10,0,'0.0','',NULL,NULL,NULL,NULL,NULL),(209,1490,11,0,'0.0','',NULL,NULL,NULL,NULL,NULL),(209,1490,12,731,'-2.8471300711866747','',NULL,NULL,NULL,NULL,NULL),(209,1490,13,1,'0.0016117216117216117','',NULL,NULL,NULL,NULL,NULL),(210,1490,1,2074,'4.027692307692307','',NULL,NULL,NULL,NULL,NULL),(210,1490,2,1831,'2.9510622710622707','',NULL,NULL,NULL,NULL,NULL),(210,1490,3,1530,'2.465934065934066','',NULL,NULL,NULL,NULL,NULL),(210,1490,4,1529,'2.464322344322344','',NULL,NULL,NULL,NULL,NULL),(210,1490,5,2986,'4.812600732600732','',NULL,NULL,NULL,NULL,NULL),(210,1490,6,3470,'6.657908599337171','',NULL,NULL,NULL,NULL,NULL),(210,1490,7,3452,'5.115272578459391','',NULL,NULL,NULL,NULL,NULL),(210,1490,8,0,'0.0','',NULL,NULL,NULL,NULL,NULL),(210,1490,9,0,'0.0','',NULL,NULL,NULL,NULL,NULL),(210,1490,10,0,'0.0','',NULL,NULL,NULL,NULL,NULL),(210,1490,11,0,'0.0','',NULL,NULL,NULL,NULL,NULL),(210,1490,12,731,'-2.8471300711866747','',NULL,NULL,NULL,NULL,NULL),(210,1490,13,1,'0.0016117216117216117','',NULL,NULL,NULL,NULL,NULL),(211,1490,1,2074,'4.027692307692307','',NULL,NULL,NULL,NULL,NULL),(211,1490,2,1831,'2.9510622710622707','',NULL,NULL,NULL,NULL,NULL),(211,1490,3,1530,'2.465934065934066','',NULL,NULL,NULL,NULL,NULL),(211,1490,4,1529,'2.464322344322344','',NULL,NULL,NULL,NULL,NULL),(211,1490,5,2986,'4.812600732600732','',NULL,NULL,NULL,NULL,NULL),(211,1490,6,3470,'6.657908599337171','',NULL,NULL,NULL,NULL,NULL),(211,1490,7,3452,'5.115272578459391','',NULL,NULL,NULL,NULL,NULL),(211,1490,8,0,'0.0','',NULL,NULL,NULL,NULL,NULL),(211,1490,9,0,'0.0','',NULL,NULL,NULL,NULL,NULL),(211,1490,10,0,'0.0','',NULL,NULL,NULL,NULL,NULL),(211,1490,11,0,'0.0','',NULL,NULL,NULL,NULL,NULL),(211,1490,12,731,'-2.8471300711866747','',NULL,NULL,NULL,NULL,NULL),(211,1490,13,1,'0.0016117216117216117','',NULL,NULL,NULL,NULL,NULL),(212,1490,1,2074,'4.027692307692307','',NULL,NULL,NULL,NULL,NULL),(212,1490,2,1831,'2.9510622710622707','',NULL,NULL,NULL,NULL,NULL),(212,1490,3,1530,'2.465934065934066','',NULL,NULL,NULL,NULL,NULL),(212,1490,4,1529,'2.464322344322344','',NULL,NULL,NULL,NULL,NULL),(212,1490,5,2986,'4.812600732600732','',NULL,NULL,NULL,NULL,NULL),(212,1490,6,3470,'6.657908599337171','',NULL,NULL,NULL,NULL,NULL),(212,1490,7,3452,'5.115272578459391','',NULL,NULL,NULL,NULL,NULL),(212,1490,8,0,'0.0','',NULL,NULL,NULL,NULL,NULL),(212,1490,9,0,'0.0','',NULL,NULL,NULL,NULL,NULL),(212,1490,10,0,'0.0','',NULL,NULL,NULL,NULL,NULL),(212,1490,11,0,'0.0','',NULL,NULL,NULL,NULL,NULL),(212,1490,12,731,'-2.8471300711866747','',NULL,NULL,NULL,NULL,NULL),(212,1490,13,1,'0.0016117216117216117','',NULL,NULL,NULL,NULL,NULL),(213,1490,1,2074,'4.027692307692307','',NULL,NULL,NULL,NULL,NULL),(213,1490,2,1831,'2.9510622710622707','',NULL,NULL,NULL,NULL,NULL),(213,1490,3,1530,'2.465934065934066','',NULL,NULL,NULL,NULL,NULL),(213,1490,4,1529,'2.464322344322344','',NULL,NULL,NULL,NULL,NULL),(213,1490,5,2986,'4.812600732600732','',NULL,NULL,NULL,NULL,NULL),(213,1490,6,3470,'6.657908599337171','',NULL,NULL,NULL,NULL,NULL),(213,1490,7,3452,'5.115272578459391','',NULL,NULL,NULL,NULL,NULL),(213,1490,8,0,'0.0','',NULL,NULL,NULL,NULL,NULL),(213,1490,9,0,'0.0','',NULL,NULL,NULL,NULL,NULL),(213,1490,10,0,'0.0','',NULL,NULL,NULL,NULL,NULL),(213,1490,11,0,'0.0','',NULL,NULL,NULL,NULL,NULL),(213,1490,12,731,'-2.8471300711866747','',NULL,NULL,NULL,NULL,NULL),(213,1490,13,1,'0.0016117216117216117','',NULL,NULL,NULL,NULL,NULL),(214,1490,1,2074,'4.027692307692307','',NULL,NULL,NULL,NULL,NULL),(214,1490,2,1831,'2.9510622710622707','',NULL,NULL,NULL,NULL,NULL),(214,1490,3,1530,'2.465934065934066','',NULL,NULL,NULL,NULL,NULL),(214,1490,4,1529,'2.464322344322344','',NULL,NULL,NULL,NULL,NULL),(214,1490,5,2986,'4.812600732600732','',NULL,NULL,NULL,NULL,NULL),(214,1490,6,3470,'6.657908599337171','',NULL,NULL,NULL,NULL,NULL),(214,1490,7,3452,'5.115272578459391','',NULL,NULL,NULL,NULL,NULL),(214,1490,8,0,'0.0','',NULL,NULL,NULL,NULL,NULL),(214,1490,9,0,'0.0','',NULL,NULL,NULL,NULL,NULL),(214,1490,10,0,'0.0','',NULL,NULL,NULL,NULL,NULL),(214,1490,11,0,'0.0','',NULL,NULL,NULL,NULL,NULL),(214,1490,12,731,'-2.8471300711866747','',NULL,NULL,NULL,NULL,NULL),(214,1490,13,1,'0.0016117216117216117','',NULL,NULL,NULL,NULL,NULL),(215,1490,1,2074,'4.027692307692307','',NULL,NULL,NULL,NULL,NULL),(215,1490,2,1831,'2.9510622710622707','',NULL,NULL,NULL,NULL,NULL),(215,1490,3,1530,'2.465934065934066','',NULL,NULL,NULL,NULL,NULL),(215,1490,4,1529,'2.464322344322344','',NULL,NULL,NULL,NULL,NULL),(215,1490,5,2986,'4.812600732600732','',NULL,NULL,NULL,NULL,NULL),(215,1490,6,3470,'6.657908599337171','',NULL,NULL,NULL,NULL,NULL),(215,1490,7,3452,'5.115272578459391','',NULL,NULL,NULL,NULL,NULL),(215,1490,8,0,'0.0','',NULL,NULL,NULL,NULL,NULL),(215,1490,9,0,'0.0','',NULL,NULL,NULL,NULL,NULL),(215,1490,10,0,'0.0','',NULL,NULL,NULL,NULL,NULL),(215,1490,11,0,'0.0','',NULL,NULL,NULL,NULL,NULL),(215,1490,12,731,'-2.8471300711866747','',NULL,NULL,NULL,NULL,NULL),(215,1490,13,1,'0.0016117216117216117','',NULL,NULL,NULL,NULL,NULL),(216,1490,1,2074,'4.027692307692307','',NULL,NULL,NULL,NULL,NULL),(216,1490,2,1831,'2.9510622710622707','',NULL,NULL,NULL,NULL,NULL),(216,1490,3,1530,'2.465934065934066','',NULL,NULL,NULL,NULL,NULL),(216,1490,4,1529,'2.464322344322344','',NULL,NULL,NULL,NULL,NULL),(216,1490,5,2986,'4.812600732600732','',NULL,NULL,NULL,NULL,NULL),(216,1490,6,3470,'6.657908599337171','',NULL,NULL,NULL,NULL,NULL),(216,1490,7,3452,'5.115272578459391','',NULL,NULL,NULL,NULL,NULL),(216,1490,8,0,'0.0','',NULL,NULL,NULL,NULL,NULL),(216,1490,9,0,'0.0','',NULL,NULL,NULL,NULL,NULL),(216,1490,10,0,'0.0','',NULL,NULL,NULL,NULL,NULL),(216,1490,11,0,'0.0','',NULL,NULL,NULL,NULL,NULL),(216,1490,12,731,'-2.8471300711866747','',NULL,NULL,NULL,NULL,NULL),(216,1490,13,1,'0.0016117216117216117','',NULL,NULL,NULL,NULL,NULL),(217,1,1,2357,'4.483809523809524','2020/06/26 00:28:51',NULL,NULL,NULL,NULL,NULL),(217,1,2,2020,'3.2556776556776557','2020/06/26 00:28:51',NULL,NULL,NULL,NULL,NULL),(217,1,3,1525,'2.457875457875458','2020/06/26 00:28:51',NULL,NULL,NULL,NULL,NULL),(217,1,4,1523,'2.4546520146520145','2020/06/26 00:28:51',NULL,NULL,NULL,NULL,NULL),(217,1,5,2982,'4.806153846153847','2020/06/26 00:28:51',NULL,NULL,NULL,NULL,NULL),(217,1,6,3420,'6.561972789115646','2020/06/26 00:28:51',NULL,NULL,NULL,NULL,NULL),(217,1,7,3403,'5.042662453541574','2020/06/26 00:28:51',NULL,NULL,NULL,NULL,NULL),(217,1,8,935,'0.8015743122126102','2020/06/26 00:28:51',NULL,NULL,NULL,NULL,NULL),(217,1,9,0,'0.0','2020/06/26 00:28:51',NULL,NULL,NULL,NULL,NULL),(217,1,10,0,'0.0','2020/06/26 00:28:51',NULL,NULL,NULL,NULL,NULL),(217,1,11,0,'0.0','2020/06/26 00:28:51',NULL,NULL,NULL,NULL,NULL),(217,1,12,1056,'-2.723590089156127','2020/06/26 00:28:51',NULL,NULL,NULL,NULL,NULL),(217,1,13,1,'0.0016117216117216117','2020/06/26 00:28:51',NULL,NULL,NULL,NULL,NULL),(217,1,1,2357,'4.483809523809524','2020/06/26 00:28:53',NULL,NULL,NULL,NULL,NULL),(217,1,2,2020,'3.2556776556776557','2020/06/26 00:28:53',NULL,NULL,NULL,NULL,NULL),(217,1,3,1525,'2.457875457875458','2020/06/26 00:28:53',NULL,NULL,NULL,NULL,NULL),(217,1,4,1523,'2.4546520146520145','2020/06/26 00:28:53',NULL,NULL,NULL,NULL,NULL),(217,1,5,2982,'4.806153846153847','2020/06/26 00:28:53',NULL,NULL,NULL,NULL,NULL),(217,1,6,3420,'6.561972789115646','2020/06/26 00:28:53',NULL,NULL,NULL,NULL,NULL),(217,1,7,3403,'5.042662453541574','2020/06/26 00:28:53',NULL,NULL,NULL,NULL,NULL),(217,1,8,935,'0.8015743122126102','2020/06/26 00:28:53',NULL,NULL,NULL,NULL,NULL),(217,1,9,0,'0.0','2020/06/26 00:28:53',NULL,NULL,NULL,NULL,NULL),(217,1,10,0,'0.0','2020/06/26 00:28:53',NULL,NULL,NULL,NULL,NULL),(217,1,11,0,'0.0','2020/06/26 00:28:53',NULL,NULL,NULL,NULL,NULL),(217,1,12,1056,'-2.723590089156127','2020/06/26 00:28:53',NULL,NULL,NULL,NULL,NULL),(217,1,13,1,'0.0016117216117216117','2020/06/26 00:28:53',NULL,NULL,NULL,NULL,NULL),(217,1,1,2357,'4.483809523809524','2020/06/26 00:28:55',NULL,NULL,NULL,NULL,NULL),(217,1,2,2020,'3.2556776556776557','2020/06/26 00:28:55',NULL,NULL,NULL,NULL,NULL),(217,1,3,1525,'2.457875457875458','2020/06/26 00:28:55',NULL,NULL,NULL,NULL,NULL),(217,1,4,1523,'2.4546520146520145','2020/06/26 00:28:55',NULL,NULL,NULL,NULL,NULL),(217,1,5,2982,'4.806153846153847','2020/06/26 00:28:55',NULL,NULL,NULL,NULL,NULL),(217,1,6,3420,'6.561972789115646','2020/06/26 00:28:55',NULL,NULL,NULL,NULL,NULL),(217,1,7,3403,'5.042662453541574','2020/06/26 00:28:55',NULL,NULL,NULL,NULL,NULL),(217,1,8,935,'0.8015743122126102','2020/06/26 00:28:55',NULL,NULL,NULL,NULL,NULL),(217,1,9,0,'0.0','2020/06/26 00:28:55',NULL,NULL,NULL,NULL,NULL),(217,1,10,0,'0.0','2020/06/26 00:28:55',NULL,NULL,NULL,NULL,NULL),(217,1,11,0,'0.0','2020/06/26 00:28:55',NULL,NULL,NULL,NULL,NULL),(217,1,12,1056,'-2.723590089156127','2020/06/26 00:28:55',NULL,NULL,NULL,NULL,NULL),(217,1,13,1,'0.0016117216117216117','2020/06/26 00:28:55',NULL,NULL,NULL,NULL,NULL),(218,2,1,2357,'4.483809523809524','2020/06/28 23:44:18','[Sun Jan 05 07:43:28 PST 2020, Sun Jan 05 07:43:28 PST 2020, Sun Jan 05 07:43:28 PST 2020]','[2020-01-05  05:43:16   , 2020-01-05  05:43:16   , 2020-01-05  05:43:16   ]','[CS, CS, CS]','Power','0'),(218,2,2,2020,'3.2556776556776557','2020/06/28 23:44:18','[Sun Jan 05 07:43:28 PST 2020, Sun Jan 05 07:43:28 PST 2020, Sun Jan 05 07:43:28 PST 2020]','[2020-01-05  05:43:16   , 2020-01-05  05:43:16   , 2020-01-05  05:43:16   ]','[CS, CS, CS]','Power','0'),(218,2,3,1525,'2.457875457875458','2020/06/28 23:44:18','[Sun Jan 05 07:43:28 PST 2020, Sun Jan 05 07:43:28 PST 2020, Sun Jan 05 07:43:28 PST 2020]','[2020-01-05  05:43:16   , 2020-01-05  05:43:16   , 2020-01-05  05:43:16   ]','[CS, CS, CS]','Power','0'),(218,2,4,1523,'2.4546520146520145','2020/06/28 23:44:18','[Sun Jan 05 07:43:28 PST 2020, Sun Jan 05 07:43:28 PST 2020, Sun Jan 05 07:43:28 PST 2020]','[2020-01-05  05:43:16   , 2020-01-05  05:43:16   , 2020-01-05  05:43:16   ]','[CS, CS, CS]','Power','0'),(218,2,5,2982,'4.806153846153847','2020/06/28 23:44:18','[Sun Jan 05 07:43:28 PST 2020, Sun Jan 05 07:43:28 PST 2020, Sun Jan 05 07:43:28 PST 2020]','[2020-01-05  05:43:16   , 2020-01-05  05:43:16   , 2020-01-05  05:43:16   ]','[CS, CS, CS]','Power','0'),(218,2,6,3420,'6.561972789115646','2020/06/28 23:44:18','[Sun Jan 05 07:43:28 PST 2020, Sun Jan 05 07:43:28 PST 2020, Sun Jan 05 07:43:28 PST 2020]','[2020-01-05  05:43:16   , 2020-01-05  05:43:16   , 2020-01-05  05:43:16   ]','[CS, CS, CS]','Power','0'),(218,2,7,3403,'5.042662453541574','2020/06/28 23:44:18','[Sun Jan 05 07:43:28 PST 2020, Sun Jan 05 07:43:28 PST 2020, Sun Jan 05 07:43:28 PST 2020]','[2020-01-05  05:43:16   , 2020-01-05  05:43:16   , 2020-01-05  05:43:16   ]','[CS, CS, CS]','Power','0'),(218,2,8,935,'0.8015743122126102','2020/06/28 23:44:18','[Sun Jan 05 07:43:28 PST 2020, Sun Jan 05 07:43:28 PST 2020, Sun Jan 05 07:43:28 PST 2020]','[2020-01-05  05:43:16   , 2020-01-05  05:43:16   , 2020-01-05  05:43:16   ]','[CS, CS, CS]','Power','0'),(218,2,9,0,'0.0','2020/06/28 23:44:18','[Sun Jan 05 07:43:28 PST 2020, Sun Jan 05 07:43:28 PST 2020, Sun Jan 05 07:43:28 PST 2020]','[2020-01-05  05:43:16   , 2020-01-05  05:43:16   , 2020-01-05  05:43:16   ]','[CS, CS, CS]','Power','0'),(218,2,10,0,'0.0','2020/06/28 23:44:18','[Sun Jan 05 07:43:28 PST 2020, Sun Jan 05 07:43:28 PST 2020, Sun Jan 05 07:43:28 PST 2020]','[2020-01-05  05:43:16   , 2020-01-05  05:43:16   , 2020-01-05  05:43:16   ]','[CS, CS, CS]','Power','0'),(218,2,11,0,'0.0','2020/06/28 23:44:18','[Sun Jan 05 07:43:28 PST 2020, Sun Jan 05 07:43:28 PST 2020, Sun Jan 05 07:43:28 PST 2020]','[2020-01-05  05:43:16   , 2020-01-05  05:43:16   , 2020-01-05  05:43:16   ]','[CS, CS, CS]','Power','0'),(218,2,12,1056,'-2.723590089156127','2020/06/28 23:44:18','[Sun Jan 05 07:43:28 PST 2020, Sun Jan 05 07:43:28 PST 2020, Sun Jan 05 07:43:28 PST 2020]','[2020-01-05  05:43:16   , 2020-01-05  05:43:16   , 2020-01-05  05:43:16   ]','[CS, CS, CS]','Power','0'),(218,2,13,1,'0.0016117216117216117','2020/06/28 23:44:18','[Sun Jan 05 07:43:28 PST 2020, Sun Jan 05 07:43:28 PST 2020, Sun Jan 05 07:43:28 PST 2020]','[2020-01-05  05:43:16   , 2020-01-05  05:43:16   , 2020-01-05  05:43:16   ]','[CS, CS, CS]','Power','0'),(218,2,1,2357,'4.483809523809524','2020/06/28 23:44:20','[Sun Jan 05 07:43:28 PST 2020, Sun Jan 05 07:43:28 PST 2020, Sun Jan 05 07:43:28 PST 2020]','[2020-01-05  05:43:16   , 2020-01-05  05:43:16   , 2020-01-05  05:43:16   ]','[CS, CS, CS]','Power','1'),(218,2,2,2020,'3.2556776556776557','2020/06/28 23:44:20','[Sun Jan 05 07:43:28 PST 2020, Sun Jan 05 07:43:28 PST 2020, Sun Jan 05 07:43:28 PST 2020]','[2020-01-05  05:43:16   , 2020-01-05  05:43:16   , 2020-01-05  05:43:16   ]','[CS, CS, CS]','Power','1'),(218,2,3,1525,'2.457875457875458','2020/06/28 23:44:20','[Sun Jan 05 07:43:28 PST 2020, Sun Jan 05 07:43:28 PST 2020, Sun Jan 05 07:43:28 PST 2020]','[2020-01-05  05:43:16   , 2020-01-05  05:43:16   , 2020-01-05  05:43:16   ]','[CS, CS, CS]','Power','1'),(218,2,4,1523,'2.4546520146520145','2020/06/28 23:44:20','[Sun Jan 05 07:43:28 PST 2020, Sun Jan 05 07:43:28 PST 2020, Sun Jan 05 07:43:28 PST 2020]','[2020-01-05  05:43:16   , 2020-01-05  05:43:16   , 2020-01-05  05:43:16   ]','[CS, CS, CS]','Power','1'),(218,2,5,2982,'4.806153846153847','2020/06/28 23:44:20','[Sun Jan 05 07:43:28 PST 2020, Sun Jan 05 07:43:28 PST 2020, Sun Jan 05 07:43:28 PST 2020]','[2020-01-05  05:43:16   , 2020-01-05  05:43:16   , 2020-01-05  05:43:16   ]','[CS, CS, CS]','Power','1'),(218,2,6,3420,'6.561972789115646','2020/06/28 23:44:20','[Sun Jan 05 07:43:28 PST 2020, Sun Jan 05 07:43:28 PST 2020, Sun Jan 05 07:43:28 PST 2020]','[2020-01-05  05:43:16   , 2020-01-05  05:43:16   , 2020-01-05  05:43:16   ]','[CS, CS, CS]','Power','1'),(218,2,7,3403,'5.042662453541574','2020/06/28 23:44:20','[Sun Jan 05 07:43:28 PST 2020, Sun Jan 05 07:43:28 PST 2020, Sun Jan 05 07:43:28 PST 2020]','[2020-01-05  05:43:16   , 2020-01-05  05:43:16   , 2020-01-05  05:43:16   ]','[CS, CS, CS]','Power','1'),(218,2,8,935,'0.8015743122126102','2020/06/28 23:44:20','[Sun Jan 05 07:43:28 PST 2020, Sun Jan 05 07:43:28 PST 2020, Sun Jan 05 07:43:28 PST 2020]','[2020-01-05  05:43:16   , 2020-01-05  05:43:16   , 2020-01-05  05:43:16   ]','[CS, CS, CS]','Power','1'),(218,2,9,0,'0.0','2020/06/28 23:44:20','[Sun Jan 05 07:43:28 PST 2020, Sun Jan 05 07:43:28 PST 2020, Sun Jan 05 07:43:28 PST 2020]','[2020-01-05  05:43:16   , 2020-01-05  05:43:16   , 2020-01-05  05:43:16   ]','[CS, CS, CS]','Power','1'),(218,2,10,0,'0.0','2020/06/28 23:44:20','[Sun Jan 05 07:43:28 PST 2020, Sun Jan 05 07:43:28 PST 2020, Sun Jan 05 07:43:28 PST 2020]','[2020-01-05  05:43:16   , 2020-01-05  05:43:16   , 2020-01-05  05:43:16   ]','[CS, CS, CS]','Power','1'),(218,2,11,0,'0.0','2020/06/28 23:44:20','[Sun Jan 05 07:43:28 PST 2020, Sun Jan 05 07:43:28 PST 2020, Sun Jan 05 07:43:28 PST 2020]','[2020-01-05  05:43:16   , 2020-01-05  05:43:16   , 2020-01-05  05:43:16   ]','[CS, CS, CS]','Power','1'),(218,2,12,1056,'-2.723590089156127','2020/06/28 23:44:20','[Sun Jan 05 07:43:28 PST 2020, Sun Jan 05 07:43:28 PST 2020, Sun Jan 05 07:43:28 PST 2020]','[2020-01-05  05:43:16   , 2020-01-05  05:43:16   , 2020-01-05  05:43:16   ]','[CS, CS, CS]','Power','1'),(218,2,13,1,'0.0016117216117216117','2020/06/28 23:44:20','[Sun Jan 05 07:43:28 PST 2020, Sun Jan 05 07:43:28 PST 2020, Sun Jan 05 07:43:28 PST 2020]','[2020-01-05  05:43:16   , 2020-01-05  05:43:16   , 2020-01-05  05:43:16   ]','[CS, CS, CS]','Power','1'),(218,2,1,2357,'4.483809523809524','2020/06/28 23:44:21','[Sun Jan 05 07:43:28 PST 2020, Sun Jan 05 07:43:28 PST 2020, Sun Jan 05 07:43:28 PST 2020]','[2020-01-05  05:43:16   , 2020-01-05  05:43:16   , 2020-01-05  05:43:16   ]','[CS, CS, CS]','Power','2'),(218,2,2,2020,'3.2556776556776557','2020/06/28 23:44:21','[Sun Jan 05 07:43:28 PST 2020, Sun Jan 05 07:43:28 PST 2020, Sun Jan 05 07:43:28 PST 2020]','[2020-01-05  05:43:16   , 2020-01-05  05:43:16   , 2020-01-05  05:43:16   ]','[CS, CS, CS]','Power','2'),(218,2,3,1525,'2.457875457875458','2020/06/28 23:44:21','[Sun Jan 05 07:43:28 PST 2020, Sun Jan 05 07:43:28 PST 2020, Sun Jan 05 07:43:28 PST 2020]','[2020-01-05  05:43:16   , 2020-01-05  05:43:16   , 2020-01-05  05:43:16   ]','[CS, CS, CS]','Power','2'),(218,2,4,1523,'2.4546520146520145','2020/06/28 23:44:21','[Sun Jan 05 07:43:28 PST 2020, Sun Jan 05 07:43:28 PST 2020, Sun Jan 05 07:43:28 PST 2020]','[2020-01-05  05:43:16   , 2020-01-05  05:43:16   , 2020-01-05  05:43:16   ]','[CS, CS, CS]','Power','2'),(218,2,5,2982,'4.806153846153847','2020/06/28 23:44:21','[Sun Jan 05 07:43:28 PST 2020, Sun Jan 05 07:43:28 PST 2020, Sun Jan 05 07:43:28 PST 2020]','[2020-01-05  05:43:16   , 2020-01-05  05:43:16   , 2020-01-05  05:43:16   ]','[CS, CS, CS]','Power','2'),(218,2,6,3420,'6.561972789115646','2020/06/28 23:44:21','[Sun Jan 05 07:43:28 PST 2020, Sun Jan 05 07:43:28 PST 2020, Sun Jan 05 07:43:28 PST 2020]','[2020-01-05  05:43:16   , 2020-01-05  05:43:16   , 2020-01-05  05:43:16   ]','[CS, CS, CS]','Power','2'),(218,2,7,3403,'5.042662453541574','2020/06/28 23:44:21','[Sun Jan 05 07:43:28 PST 2020, Sun Jan 05 07:43:28 PST 2020, Sun Jan 05 07:43:28 PST 2020]','[2020-01-05  05:43:16   , 2020-01-05  05:43:16   , 2020-01-05  05:43:16   ]','[CS, CS, CS]','Power','2'),(218,2,8,935,'0.8015743122126102','2020/06/28 23:44:21','[Sun Jan 05 07:43:28 PST 2020, Sun Jan 05 07:43:28 PST 2020, Sun Jan 05 07:43:28 PST 2020]','[2020-01-05  05:43:16   , 2020-01-05  05:43:16   , 2020-01-05  05:43:16   ]','[CS, CS, CS]','Power','2'),(218,2,9,0,'0.0','2020/06/28 23:44:21','[Sun Jan 05 07:43:28 PST 2020, Sun Jan 05 07:43:28 PST 2020, Sun Jan 05 07:43:28 PST 2020]','[2020-01-05  05:43:16   , 2020-01-05  05:43:16   , 2020-01-05  05:43:16   ]','[CS, CS, CS]','Power','2'),(218,2,10,0,'0.0','2020/06/28 23:44:21','[Sun Jan 05 07:43:28 PST 2020, Sun Jan 05 07:43:28 PST 2020, Sun Jan 05 07:43:28 PST 2020]','[2020-01-05  05:43:16   , 2020-01-05  05:43:16   , 2020-01-05  05:43:16   ]','[CS, CS, CS]','Power','2'),(218,2,11,0,'0.0','2020/06/28 23:44:21','[Sun Jan 05 07:43:28 PST 2020, Sun Jan 05 07:43:28 PST 2020, Sun Jan 05 07:43:28 PST 2020]','[2020-01-05  05:43:16   , 2020-01-05  05:43:16   , 2020-01-05  05:43:16   ]','[CS, CS, CS]','Power','2'),(218,2,12,1056,'-2.723590089156127','2020/06/28 23:44:21','[Sun Jan 05 07:43:28 PST 2020, Sun Jan 05 07:43:28 PST 2020, Sun Jan 05 07:43:28 PST 2020]','[2020-01-05  05:43:16   , 2020-01-05  05:43:16   , 2020-01-05  05:43:16   ]','[CS, CS, CS]','Power','2'),(218,2,13,1,'0.0016117216117216117','2020/06/28 23:44:21','[Sun Jan 05 07:43:28 PST 2020, Sun Jan 05 07:43:28 PST 2020, Sun Jan 05 07:43:28 PST 2020]','[2020-01-05  05:43:16   , 2020-01-05  05:43:16   , 2020-01-05  05:43:16   ]','[CS, CS, CS]','Power','2'),(219,3,1,0,'0.684981684981685','2020/06/29 00:09:58','[Sun Jan 12 05:10:30 PST 2020, Sun Jan 12 05:10:30 PST 2020, Sun Jan 12 05:10:30 PST 2020]','[2020-01-12  03:10:31   , 2020-01-12  03:10:31   , 2020-01-12  03:10:32   ]','[Standby, Standby, Standby]','Power','1'),(219,3,2,1843,'2.9704029304029302','2020/06/29 00:09:58','[Sun Jan 12 05:10:30 PST 2020, Sun Jan 12 05:10:30 PST 2020, Sun Jan 12 05:10:30 PST 2020]','[2020-01-12  03:10:31   , 2020-01-12  03:10:31   , 2020-01-12  03:10:32   ]','[Standby, Standby, Standby]','Power','1'),(219,3,3,1535,'2.473992673992674','2020/06/29 00:09:58','[Sun Jan 12 05:10:30 PST 2020, Sun Jan 12 05:10:30 PST 2020, Sun Jan 12 05:10:30 PST 2020]','[2020-01-12  03:10:31   , 2020-01-12  03:10:31   , 2020-01-12  03:10:32   ]','[Standby, Standby, Standby]','Power','1'),(219,3,4,1532,'2.469157509157509','2020/06/29 00:09:58','[Sun Jan 12 05:10:30 PST 2020, Sun Jan 12 05:10:30 PST 2020, Sun Jan 12 05:10:30 PST 2020]','[2020-01-12  03:10:31   , 2020-01-12  03:10:31   , 2020-01-12  03:10:32   ]','[Standby, Standby, Standby]','Power','1'),(219,3,5,1534,'2.472380952380952','2020/06/29 00:09:58','[Sun Jan 12 05:10:30 PST 2020, Sun Jan 12 05:10:30 PST 2020, Sun Jan 12 05:10:30 PST 2020]','[2020-01-12  03:10:31   , 2020-01-12  03:10:31   , 2020-01-12  03:10:32   ]','[Standby, Standby, Standby]','Power','1'),(219,3,6,3472,'6.661746031746032','2020/06/29 00:09:58','[Sun Jan 12 05:10:30 PST 2020, Sun Jan 12 05:10:30 PST 2020, Sun Jan 12 05:10:30 PST 2020]','[2020-01-12  03:10:31   , 2020-01-12  03:10:31   , 2020-01-12  03:10:32   ]','[Standby, Standby, Standby]','Power','1'),(219,3,7,3464,'5.133054649867836','2020/06/29 00:09:58','[Sun Jan 12 05:10:30 PST 2020, Sun Jan 12 05:10:30 PST 2020, Sun Jan 12 05:10:30 PST 2020]','[2020-01-12  03:10:31   , 2020-01-12  03:10:31   , 2020-01-12  03:10:32   ]','[Standby, Standby, Standby]','Power','1'),(219,3,8,1840,'1.5774296625360456','2020/06/29 00:09:58','[Sun Jan 12 05:10:30 PST 2020, Sun Jan 12 05:10:30 PST 2020, Sun Jan 12 05:10:30 PST 2020]','[2020-01-12  03:10:31   , 2020-01-12  03:10:31   , 2020-01-12  03:10:32   ]','[Standby, Standby, Standby]','Power','1'),(219,3,9,0,'0.0','2020/06/29 00:09:58','[Sun Jan 12 05:10:30 PST 2020, Sun Jan 12 05:10:30 PST 2020, Sun Jan 12 05:10:30 PST 2020]','[2020-01-12  03:10:31   , 2020-01-12  03:10:31   , 2020-01-12  03:10:32   ]','[Standby, Standby, Standby]','Power','1'),(219,3,10,0,'0.0','2020/06/29 00:09:58','[Sun Jan 12 05:10:30 PST 2020, Sun Jan 12 05:10:30 PST 2020, Sun Jan 12 05:10:30 PST 2020]','[2020-01-12  03:10:31   , 2020-01-12  03:10:31   , 2020-01-12  03:10:32   ]','[Standby, Standby, Standby]','Power','1'),(219,3,11,1540,'1.320240043644299','2020/06/29 00:09:58','[Sun Jan 12 05:10:30 PST 2020, Sun Jan 12 05:10:30 PST 2020, Sun Jan 12 05:10:30 PST 2020]','[2020-01-12  03:10:31   , 2020-01-12  03:10:31   , 2020-01-12  03:10:32   ]','[Standby, Standby, Standby]','Power','1'),(219,3,12,668,'-2.8710778215495196','2020/06/29 00:09:58','[Sun Jan 12 05:10:30 PST 2020, Sun Jan 12 05:10:30 PST 2020, Sun Jan 12 05:10:30 PST 2020]','[2020-01-12  03:10:31   , 2020-01-12  03:10:31   , 2020-01-12  03:10:32   ]','[Standby, Standby, Standby]','Power','1'),(219,3,13,1,'0.0016117216117216117','2020/06/29 00:09:58','[Sun Jan 12 05:10:30 PST 2020, Sun Jan 12 05:10:30 PST 2020, Sun Jan 12 05:10:30 PST 2020]','[2020-01-12  03:10:31   , 2020-01-12  03:10:31   , 2020-01-12  03:10:32   ]','[Standby, Standby, Standby]','Power','1'),(219,3,1,0,'0.684981684981685','2020/06/29 00:10:00','[Sun Jan 12 05:10:30 PST 2020, Sun Jan 12 05:10:30 PST 2020, Sun Jan 12 05:10:30 PST 2020]','[2020-01-12  03:10:31   , 2020-01-12  03:10:31   , 2020-01-12  03:10:32   ]','[Standby, Standby, Standby]','Power','2'),(219,3,2,1843,'2.9704029304029302','2020/06/29 00:10:00','[Sun Jan 12 05:10:30 PST 2020, Sun Jan 12 05:10:30 PST 2020, Sun Jan 12 05:10:30 PST 2020]','[2020-01-12  03:10:31   , 2020-01-12  03:10:31   , 2020-01-12  03:10:32   ]','[Standby, Standby, Standby]','Power','2'),(219,3,3,1535,'2.473992673992674','2020/06/29 00:10:00','[Sun Jan 12 05:10:30 PST 2020, Sun Jan 12 05:10:30 PST 2020, Sun Jan 12 05:10:30 PST 2020]','[2020-01-12  03:10:31   , 2020-01-12  03:10:31   , 2020-01-12  03:10:32   ]','[Standby, Standby, Standby]','Power','2'),(219,3,4,1532,'2.469157509157509','2020/06/29 00:10:00','[Sun Jan 12 05:10:30 PST 2020, Sun Jan 12 05:10:30 PST 2020, Sun Jan 12 05:10:30 PST 2020]','[2020-01-12  03:10:31   , 2020-01-12  03:10:31   , 2020-01-12  03:10:32   ]','[Standby, Standby, Standby]','Power','2'),(219,3,5,1534,'2.472380952380952','2020/06/29 00:10:00','[Sun Jan 12 05:10:30 PST 2020, Sun Jan 12 05:10:30 PST 2020, Sun Jan 12 05:10:30 PST 2020]','[2020-01-12  03:10:31   , 2020-01-12  03:10:31   , 2020-01-12  03:10:32   ]','[Standby, Standby, Standby]','Power','2'),(219,3,6,3472,'6.661746031746032','2020/06/29 00:10:00','[Sun Jan 12 05:10:30 PST 2020, Sun Jan 12 05:10:30 PST 2020, Sun Jan 12 05:10:30 PST 2020]','[2020-01-12  03:10:31   , 2020-01-12  03:10:31   , 2020-01-12  03:10:32   ]','[Standby, Standby, Standby]','Power','2'),(219,3,7,3464,'5.133054649867836','2020/06/29 00:10:00','[Sun Jan 12 05:10:30 PST 2020, Sun Jan 12 05:10:30 PST 2020, Sun Jan 12 05:10:30 PST 2020]','[2020-01-12  03:10:31   , 2020-01-12  03:10:31   , 2020-01-12  03:10:32   ]','[Standby, Standby, Standby]','Power','2'),(219,3,8,1840,'1.5774296625360456','2020/06/29 00:10:00','[Sun Jan 12 05:10:30 PST 2020, Sun Jan 12 05:10:30 PST 2020, Sun Jan 12 05:10:30 PST 2020]','[2020-01-12  03:10:31   , 2020-01-12  03:10:31   , 2020-01-12  03:10:32   ]','[Standby, Standby, Standby]','Power','2'),(219,3,9,0,'0.0','2020/06/29 00:10:00','[Sun Jan 12 05:10:30 PST 2020, Sun Jan 12 05:10:30 PST 2020, Sun Jan 12 05:10:30 PST 2020]','[2020-01-12  03:10:31   , 2020-01-12  03:10:31   , 2020-01-12  03:10:32   ]','[Standby, Standby, Standby]','Power','2'),(219,3,10,0,'0.0','2020/06/29 00:10:00','[Sun Jan 12 05:10:30 PST 2020, Sun Jan 12 05:10:30 PST 2020, Sun Jan 12 05:10:30 PST 2020]','[2020-01-12  03:10:31   , 2020-01-12  03:10:31   , 2020-01-12  03:10:32   ]','[Standby, Standby, Standby]','Power','2'),(219,3,11,1540,'1.320240043644299','2020/06/29 00:10:00','[Sun Jan 12 05:10:30 PST 2020, Sun Jan 12 05:10:30 PST 2020, Sun Jan 12 05:10:30 PST 2020]','[2020-01-12  03:10:31   , 2020-01-12  03:10:31   , 2020-01-12  03:10:32   ]','[Standby, Standby, Standby]','Power','2'),(219,3,12,668,'-2.8710778215495196','2020/06/29 00:10:00','[Sun Jan 12 05:10:30 PST 2020, Sun Jan 12 05:10:30 PST 2020, Sun Jan 12 05:10:30 PST 2020]','[2020-01-12  03:10:31   , 2020-01-12  03:10:31   , 2020-01-12  03:10:32   ]','[Standby, Standby, Standby]','Power','2'),(219,3,13,1,'0.0016117216117216117','2020/06/29 00:10:00','[Sun Jan 12 05:10:30 PST 2020, Sun Jan 12 05:10:30 PST 2020, Sun Jan 12 05:10:30 PST 2020]','[2020-01-12  03:10:31   , 2020-01-12  03:10:31   , 2020-01-12  03:10:32   ]','[Standby, Standby, Standby]','Power','2'),(219,3,1,0,'0.684981684981685','2020/06/29 00:10:02','[Sun Jan 12 05:10:30 PST 2020, Sun Jan 12 05:10:30 PST 2020, Sun Jan 12 05:10:30 PST 2020]','[2020-01-12  03:10:31   , 2020-01-12  03:10:31   , 2020-01-12  03:10:32   ]','[Standby, Standby, Standby]','Power','3'),(219,3,2,1843,'2.9704029304029302','2020/06/29 00:10:02','[Sun Jan 12 05:10:30 PST 2020, Sun Jan 12 05:10:30 PST 2020, Sun Jan 12 05:10:30 PST 2020]','[2020-01-12  03:10:31   , 2020-01-12  03:10:31   , 2020-01-12  03:10:32   ]','[Standby, Standby, Standby]','Power','3'),(219,3,3,1535,'2.473992673992674','2020/06/29 00:10:02','[Sun Jan 12 05:10:30 PST 2020, Sun Jan 12 05:10:30 PST 2020, Sun Jan 12 05:10:30 PST 2020]','[2020-01-12  03:10:31   , 2020-01-12  03:10:31   , 2020-01-12  03:10:32   ]','[Standby, Standby, Standby]','Power','3'),(219,3,4,1532,'2.469157509157509','2020/06/29 00:10:02','[Sun Jan 12 05:10:30 PST 2020, Sun Jan 12 05:10:30 PST 2020, Sun Jan 12 05:10:30 PST 2020]','[2020-01-12  03:10:31   , 2020-01-12  03:10:31   , 2020-01-12  03:10:32   ]','[Standby, Standby, Standby]','Power','3'),(219,3,5,1534,'2.472380952380952','2020/06/29 00:10:02','[Sun Jan 12 05:10:30 PST 2020, Sun Jan 12 05:10:30 PST 2020, Sun Jan 12 05:10:30 PST 2020]','[2020-01-12  03:10:31   , 2020-01-12  03:10:31   , 2020-01-12  03:10:32   ]','[Standby, Standby, Standby]','Power','3'),(219,3,6,3472,'6.661746031746032','2020/06/29 00:10:02','[Sun Jan 12 05:10:30 PST 2020, Sun Jan 12 05:10:30 PST 2020, Sun Jan 12 05:10:30 PST 2020]','[2020-01-12  03:10:31   , 2020-01-12  03:10:31   , 2020-01-12  03:10:32   ]','[Standby, Standby, Standby]','Power','3'),(219,3,7,3464,'5.133054649867836','2020/06/29 00:10:02','[Sun Jan 12 05:10:30 PST 2020, Sun Jan 12 05:10:30 PST 2020, Sun Jan 12 05:10:30 PST 2020]','[2020-01-12  03:10:31   , 2020-01-12  03:10:31   , 2020-01-12  03:10:32   ]','[Standby, Standby, Standby]','Power','3'),(219,3,8,1840,'1.5774296625360456','2020/06/29 00:10:02','[Sun Jan 12 05:10:30 PST 2020, Sun Jan 12 05:10:30 PST 2020, Sun Jan 12 05:10:30 PST 2020]','[2020-01-12  03:10:31   , 2020-01-12  03:10:31   , 2020-01-12  03:10:32   ]','[Standby, Standby, Standby]','Power','3'),(219,3,9,0,'0.0','2020/06/29 00:10:02','[Sun Jan 12 05:10:30 PST 2020, Sun Jan 12 05:10:30 PST 2020, Sun Jan 12 05:10:30 PST 2020]','[2020-01-12  03:10:31   , 2020-01-12  03:10:31   , 2020-01-12  03:10:32   ]','[Standby, Standby, Standby]','Power','3'),(219,3,10,0,'0.0','2020/06/29 00:10:02','[Sun Jan 12 05:10:30 PST 2020, Sun Jan 12 05:10:30 PST 2020, Sun Jan 12 05:10:30 PST 2020]','[2020-01-12  03:10:31   , 2020-01-12  03:10:31   , 2020-01-12  03:10:32   ]','[Standby, Standby, Standby]','Power','3'),(219,3,11,1540,'1.320240043644299','2020/06/29 00:10:02','[Sun Jan 12 05:10:30 PST 2020, Sun Jan 12 05:10:30 PST 2020, Sun Jan 12 05:10:30 PST 2020]','[2020-01-12  03:10:31   , 2020-01-12  03:10:31   , 2020-01-12  03:10:32   ]','[Standby, Standby, Standby]','Power','3'),(219,3,12,668,'-2.8710778215495196','2020/06/29 00:10:02','[Sun Jan 12 05:10:30 PST 2020, Sun Jan 12 05:10:30 PST 2020, Sun Jan 12 05:10:30 PST 2020]','[2020-01-12  03:10:31   , 2020-01-12  03:10:31   , 2020-01-12  03:10:32   ]','[Standby, Standby, Standby]','Power','3'),(219,3,13,1,'0.0016117216117216117','2020/06/29 00:10:02','[Sun Jan 12 05:10:30 PST 2020, Sun Jan 12 05:10:30 PST 2020, Sun Jan 12 05:10:30 PST 2020]','[2020-01-12  03:10:31   , 2020-01-12  03:10:31   , 2020-01-12  03:10:32   ]','[Standby, Standby, Standby]','Power','3'),(222,4,1,2357,'4.483809523809524','2020/06/29 00:17:05','Sun Jan 05 07:43:28 PST 2020','2020-01-05  05:43:16   ','CS','Power','1'),(222,4,2,2020,'3.2556776556776557','2020/06/29 00:17:05','Sun Jan 05 07:43:28 PST 2020','2020-01-05  05:43:16   ','CS','Power','1'),(222,4,3,1525,'2.457875457875458','2020/06/29 00:17:05','Sun Jan 05 07:43:28 PST 2020','2020-01-05  05:43:16   ','CS','Power','1'),(222,4,4,1523,'2.4546520146520145','2020/06/29 00:17:05','Sun Jan 05 07:43:28 PST 2020','2020-01-05  05:43:16   ','CS','Power','1'),(222,4,5,2982,'4.806153846153847','2020/06/29 00:17:05','Sun Jan 05 07:43:28 PST 2020','2020-01-05  05:43:16   ','CS','Power','1'),(222,4,6,3420,'6.561972789115646','2020/06/29 00:17:05','Sun Jan 05 07:43:28 PST 2020','2020-01-05  05:43:16   ','CS','Power','1'),(222,4,7,3403,'5.042662453541574','2020/06/29 00:17:05','Sun Jan 05 07:43:28 PST 2020','2020-01-05  05:43:16   ','CS','Power','1'),(222,4,8,935,'0.8015743122126102','2020/06/29 00:17:05','Sun Jan 05 07:43:28 PST 2020','2020-01-05  05:43:16   ','CS','Power','1'),(222,4,9,0,'0.0','2020/06/29 00:17:05','Sun Jan 05 07:43:28 PST 2020','2020-01-05  05:43:16   ','CS','Power','1'),(222,4,10,0,'0.0','2020/06/29 00:17:05','Sun Jan 05 07:43:28 PST 2020','2020-01-05  05:43:16   ','CS','Power','1'),(222,4,11,0,'0.0','2020/06/29 00:17:05','Sun Jan 05 07:43:28 PST 2020','2020-01-05  05:43:16   ','CS','Power','1'),(222,4,12,1056,'-2.723590089156127','2020/06/29 00:17:05','Sun Jan 05 07:43:28 PST 2020','2020-01-05  05:43:16   ','CS','Power','1'),(222,4,13,1,'0.0016117216117216117','2020/06/29 00:17:05','Sun Jan 05 07:43:28 PST 2020','2020-01-05  05:43:16   ','CS','Power','1'),(222,4,1,2357,'4.483809523809524','2020/06/29 00:17:07','Sun Jan 05 07:43:28 PST 2020','2020-01-05  05:43:16   ','CS','Power','2'),(222,4,2,2020,'3.2556776556776557','2020/06/29 00:17:07','Sun Jan 05 07:43:28 PST 2020','2020-01-05  05:43:16   ','CS','Power','2'),(222,4,3,1525,'2.457875457875458','2020/06/29 00:17:07','Sun Jan 05 07:43:28 PST 2020','2020-01-05  05:43:16   ','CS','Power','2'),(222,4,4,1523,'2.4546520146520145','2020/06/29 00:17:07','Sun Jan 05 07:43:28 PST 2020','2020-01-05  05:43:16   ','CS','Power','2'),(222,4,5,2982,'4.806153846153847','2020/06/29 00:17:07','Sun Jan 05 07:43:28 PST 2020','2020-01-05  05:43:16   ','CS','Power','2'),(222,4,6,3420,'6.561972789115646','2020/06/29 00:17:07','Sun Jan 05 07:43:28 PST 2020','2020-01-05  05:43:16   ','CS','Power','2'),(222,4,7,3403,'5.042662453541574','2020/06/29 00:17:07','Sun Jan 05 07:43:28 PST 2020','2020-01-05  05:43:16   ','CS','Power','2'),(222,4,8,935,'0.8015743122126102','2020/06/29 00:17:07','Sun Jan 05 07:43:28 PST 2020','2020-01-05  05:43:16   ','CS','Power','2'),(222,4,9,0,'0.0','2020/06/29 00:17:07','Sun Jan 05 07:43:28 PST 2020','2020-01-05  05:43:16   ','CS','Power','2'),(222,4,10,0,'0.0','2020/06/29 00:17:07','Sun Jan 05 07:43:28 PST 2020','2020-01-05  05:43:16   ','CS','Power','2'),(222,4,11,0,'0.0','2020/06/29 00:17:07','Sun Jan 05 07:43:28 PST 2020','2020-01-05  05:43:16   ','CS','Power','2'),(222,4,12,1056,'-2.723590089156127','2020/06/29 00:17:07','Sun Jan 05 07:43:28 PST 2020','2020-01-05  05:43:16   ','CS','Power','2'),(222,4,13,1,'0.0016117216117216117','2020/06/29 00:17:07','Sun Jan 05 07:43:28 PST 2020','2020-01-05  05:43:16   ','CS','Power','2'),(222,4,1,2357,'4.483809523809524','2020/06/29 00:17:08','Sun Jan 05 07:43:28 PST 2020','2020-01-05  05:43:16   ','CS','Power','3'),(222,4,2,2020,'3.2556776556776557','2020/06/29 00:17:08','Sun Jan 05 07:43:28 PST 2020','2020-01-05  05:43:16   ','CS','Power','3'),(222,4,3,1525,'2.457875457875458','2020/06/29 00:17:08','Sun Jan 05 07:43:28 PST 2020','2020-01-05  05:43:16   ','CS','Power','3'),(222,4,4,1523,'2.4546520146520145','2020/06/29 00:17:08','Sun Jan 05 07:43:28 PST 2020','2020-01-05  05:43:16   ','CS','Power','3'),(222,4,5,2982,'4.806153846153847','2020/06/29 00:17:08','Sun Jan 05 07:43:28 PST 2020','2020-01-05  05:43:16   ','CS','Power','3'),(222,4,6,3420,'6.561972789115646','2020/06/29 00:17:08','Sun Jan 05 07:43:28 PST 2020','2020-01-05  05:43:16   ','CS','Power','3'),(222,4,7,3403,'5.042662453541574','2020/06/29 00:17:08','Sun Jan 05 07:43:28 PST 2020','2020-01-05  05:43:16   ','CS','Power','3'),(222,4,8,935,'0.8015743122126102','2020/06/29 00:17:08','Sun Jan 05 07:43:28 PST 2020','2020-01-05  05:43:16   ','CS','Power','3'),(222,4,9,0,'0.0','2020/06/29 00:17:08','Sun Jan 05 07:43:28 PST 2020','2020-01-05  05:43:16   ','CS','Power','3'),(222,4,10,0,'0.0','2020/06/29 00:17:08','Sun Jan 05 07:43:28 PST 2020','2020-01-05  05:43:16   ','CS','Power','3'),(222,4,11,0,'0.0','2020/06/29 00:17:08','Sun Jan 05 07:43:28 PST 2020','2020-01-05  05:43:16   ','CS','Power','3'),(222,4,12,1056,'-2.723590089156127','2020/06/29 00:17:08','Sun Jan 05 07:43:28 PST 2020','2020-01-05  05:43:16   ','CS','Power','3'),(222,4,13,1,'0.0016117216117216117','2020/06/29 00:17:08','Sun Jan 05 07:43:28 PST 2020','2020-01-05  05:43:16   ','CS','Power','3'),(224,5,1,2447,'4.628864468864469','2020/06/29 23:56:51','Sun Jan 26 15:05:32 PST 2020','2020-01-26  01:03:45   ','Standby','Power','1'),(224,5,2,2132,'3.436190476190476','2020/06/29 23:56:51','Sun Jan 26 15:05:32 PST 2020','2020-01-26  01:03:45   ','Standby','Power','1'),(224,5,3,1544,'2.4884981684981686','2020/06/29 23:56:51','Sun Jan 26 15:05:32 PST 2020','2020-01-26  01:03:45   ','Standby','Power','1'),(224,5,4,1544,'2.4884981684981686','2020/06/29 23:56:51','Sun Jan 26 15:05:32 PST 2020','2020-01-26  01:03:45   ','Standby','Power','1'),(224,5,5,2991,'4.82065934065934','2020/06/29 23:56:51','Sun Jan 26 15:05:32 PST 2020','2020-01-26  01:03:45   ','Standby','Power','1'),(224,5,6,3534,'6.780706436420722','2020/06/29 23:56:51','Sun Jan 26 15:05:32 PST 2020','2020-01-26  01:03:45   ','Standby','Power','1'),(224,5,7,3542,'5.248638114022729','2020/06/29 23:56:51','Sun Jan 26 15:05:32 PST 2020','2020-01-26  01:03:45   ','Standby','Power','1'),(224,5,8,0,'0.0','2020/06/29 23:56:51','Sun Jan 26 15:05:32 PST 2020','2020-01-26  01:03:45   ','Standby','Power','1'),(224,5,9,0,'0.0','2020/06/29 23:56:51','Sun Jan 26 15:05:32 PST 2020','2020-01-26  01:03:45   ','Standby','Power','1'),(224,5,10,0,'0.0','2020/06/29 23:56:51','Sun Jan 26 15:05:32 PST 2020','2020-01-26  01:03:45   ','Standby','Power','1'),(224,5,11,0,'0.0','2020/06/29 23:56:51','Sun Jan 26 15:05:32 PST 2020','2020-01-26  01:03:45   ','Standby','Power','1'),(224,5,12,927,'-2.7726259589467137','2020/06/29 23:56:51','Sun Jan 26 15:05:32 PST 2020','2020-01-26  01:03:45   ','Standby','Power','1'),(224,5,13,1,'0.0016117216117216117','2020/06/29 23:56:51','Sun Jan 26 15:05:32 PST 2020','2020-01-26  01:03:45   ','Standby','Power','1'),(224,5,1,2447,'4.628864468864469','2020/06/29 23:56:54','Sun Jan 26 15:05:32 PST 2020','2020-01-26  01:03:46   ','Standby','Power','2'),(224,5,2,2132,'3.436190476190476','2020/06/29 23:56:54','Sun Jan 26 15:05:32 PST 2020','2020-01-26  01:03:46   ','Standby','Power','2'),(224,5,3,1544,'2.4884981684981686','2020/06/29 23:56:54','Sun Jan 26 15:05:32 PST 2020','2020-01-26  01:03:46   ','Standby','Power','2'),(224,5,4,1544,'2.4884981684981686','2020/06/29 23:56:54','Sun Jan 26 15:05:32 PST 2020','2020-01-26  01:03:46   ','Standby','Power','2'),(224,5,5,2991,'4.82065934065934','2020/06/29 23:56:54','Sun Jan 26 15:05:32 PST 2020','2020-01-26  01:03:46   ','Standby','Power','2'),(224,5,6,3534,'6.780706436420722','2020/06/29 23:56:54','Sun Jan 26 15:05:32 PST 2020','2020-01-26  01:03:46   ','Standby','Power','2'),(224,5,7,3542,'5.248638114022729','2020/06/29 23:56:54','Sun Jan 26 15:05:32 PST 2020','2020-01-26  01:03:46   ','Standby','Power','2'),(224,5,8,0,'0.0','2020/06/29 23:56:54','Sun Jan 26 15:05:32 PST 2020','2020-01-26  01:03:46   ','Standby','Power','2'),(224,5,9,0,'0.0','2020/06/29 23:56:54','Sun Jan 26 15:05:32 PST 2020','2020-01-26  01:03:46   ','Standby','Power','2'),(224,5,10,0,'0.0','2020/06/29 23:56:54','Sun Jan 26 15:05:32 PST 2020','2020-01-26  01:03:46   ','Standby','Power','2'),(224,5,11,0,'0.0','2020/06/29 23:56:54','Sun Jan 26 15:05:32 PST 2020','2020-01-26  01:03:46   ','Standby','Power','2'),(224,5,12,927,'-2.7726259589467137','2020/06/29 23:56:54','Sun Jan 26 15:05:32 PST 2020','2020-01-26  01:03:46   ','Standby','Power','2'),(224,5,13,1,'0.0016117216117216117','2020/06/29 23:56:54','Sun Jan 26 15:05:32 PST 2020','2020-01-26  01:03:46   ','Standby','Power','2'),(224,5,1,2447,'4.628864468864469','2020/06/29 23:56:55','Sun Jan 26 15:05:32 PST 2020','2020-01-26  01:03:46   ','Standby','Power','3'),(224,5,2,2132,'3.436190476190476','2020/06/29 23:56:55','Sun Jan 26 15:05:32 PST 2020','2020-01-26  01:03:46   ','Standby','Power','3'),(224,5,3,1544,'2.4884981684981686','2020/06/29 23:56:55','Sun Jan 26 15:05:32 PST 2020','2020-01-26  01:03:46   ','Standby','Power','3'),(224,5,4,1544,'2.4884981684981686','2020/06/29 23:56:55','Sun Jan 26 15:05:32 PST 2020','2020-01-26  01:03:46   ','Standby','Power','3'),(224,5,5,2991,'4.82065934065934','2020/06/29 23:56:55','Sun Jan 26 15:05:32 PST 2020','2020-01-26  01:03:46   ','Standby','Power','3'),(224,5,6,3534,'6.780706436420722','2020/06/29 23:56:55','Sun Jan 26 15:05:32 PST 2020','2020-01-26  01:03:46   ','Standby','Power','3'),(224,5,7,3542,'5.248638114022729','2020/06/29 23:56:55','Sun Jan 26 15:05:32 PST 2020','2020-01-26  01:03:46   ','Standby','Power','3'),(224,5,8,0,'0.0','2020/06/29 23:56:55','Sun Jan 26 15:05:32 PST 2020','2020-01-26  01:03:46   ','Standby','Power','3'),(224,5,9,0,'0.0','2020/06/29 23:56:55','Sun Jan 26 15:05:32 PST 2020','2020-01-26  01:03:46   ','Standby','Power','3'),(224,5,10,0,'0.0','2020/06/29 23:56:55','Sun Jan 26 15:05:32 PST 2020','2020-01-26  01:03:46   ','Standby','Power','3'),(224,5,11,0,'0.0','2020/06/29 23:56:55','Sun Jan 26 15:05:32 PST 2020','2020-01-26  01:03:46   ','Standby','Power','3'),(224,5,12,927,'-2.7726259589467137','2020/06/29 23:56:55','Sun Jan 26 15:05:32 PST 2020','2020-01-26  01:03:46   ','Standby','Power','3'),(224,5,13,1,'0.0016117216117216117','2020/06/29 23:56:55','Sun Jan 26 15:05:32 PST 2020','2020-01-26  01:03:46   ','Standby','Power','3'),(227,6,1,2330,'4.4402930402930405','2020/06/30 00:16:33','Wed Feb 19 14:34:50 PST 2020','2020-02-19  12:35:11   ','Standby','Power','1'),(227,6,2,2054,'3.3104761904761904','2020/06/30 00:16:33','Wed Feb 19 14:34:50 PST 2020','2020-02-19  12:35:11   ','Standby','Power','1'),(227,6,3,1542,'2.485274725274725','2020/06/30 00:16:33','Wed Feb 19 14:34:50 PST 2020','2020-02-19  12:35:11   ','Standby','Power','1'),(227,6,4,1538,'2.4788278388278386','2020/06/30 00:16:33','Wed Feb 19 14:34:50 PST 2020','2020-02-19  12:35:11   ','Standby','Power','1'),(227,6,5,2991,'4.82065934065934','2020/06/30 00:16:33','Wed Feb 19 14:34:50 PST 2020','2020-02-19  12:35:11   ','Standby','Power','1'),(227,6,6,3519,'6.751925693354265','2020/06/30 00:16:33','Wed Feb 19 14:34:50 PST 2020','2020-02-19  12:35:11   ','Standby','Power','1'),(227,6,7,3514,'5.20714661406969','2020/06/30 00:16:33','Wed Feb 19 14:34:50 PST 2020','2020-02-19  12:35:11   ','Standby','Power','1'),(227,6,8,0,'0.0','2020/06/30 00:16:33','Wed Feb 19 14:34:50 PST 2020','2020-02-19  12:35:11   ','Standby','Power','1'),(227,6,9,0,'0.0','2020/06/30 00:16:33','Wed Feb 19 14:34:50 PST 2020','2020-02-19  12:35:11   ','Standby','Power','1'),(227,6,10,0,'0.0','2020/06/30 00:16:33','Wed Feb 19 14:34:50 PST 2020','2020-02-19  12:35:11   ','Standby','Power','1'),(227,6,11,0,'0.0','2020/06/30 00:16:33','Wed Feb 19 14:34:50 PST 2020','2020-02-19  12:35:11   ','Standby','Power','1'),(227,6,12,731,'-2.8471300711866747','2020/06/30 00:16:33','Wed Feb 19 14:34:50 PST 2020','2020-02-19  12:35:11   ','Standby','Power','1'),(227,6,13,1,'0.0016117216117216117','2020/06/30 00:16:33','Wed Feb 19 14:34:50 PST 2020','2020-02-19  12:35:11   ','Standby','Power','1'),(230,7,1,2330,'4.4402930402930405','2020/06/30 00:31:17','Wed Feb 19 14:34:50 PST 2020','2020-02-19  12:35:11   ','Standby','Power','1'),(230,7,2,2054,'3.3104761904761904','2020/06/30 00:31:17','Wed Feb 19 14:34:50 PST 2020','2020-02-19  12:35:11   ','Standby','Power','1'),(230,7,3,1542,'2.485274725274725','2020/06/30 00:31:17','Wed Feb 19 14:34:50 PST 2020','2020-02-19  12:35:11   ','Standby','Power','1'),(230,7,4,1538,'2.4788278388278386','2020/06/30 00:31:17','Wed Feb 19 14:34:50 PST 2020','2020-02-19  12:35:11   ','Standby','Power','1'),(230,7,5,2991,'4.82065934065934','2020/06/30 00:31:17','Wed Feb 19 14:34:50 PST 2020','2020-02-19  12:35:11   ','Standby','Power','1'),(230,7,6,3519,'6.751925693354265','2020/06/30 00:31:17','Wed Feb 19 14:34:50 PST 2020','2020-02-19  12:35:11   ','Standby','Power','1'),(230,7,7,3514,'5.20714661406969','2020/06/30 00:31:17','Wed Feb 19 14:34:50 PST 2020','2020-02-19  12:35:11   ','Standby','Power','1'),(230,7,8,0,'0.0','2020/06/30 00:31:17','Wed Feb 19 14:34:50 PST 2020','2020-02-19  12:35:11   ','Standby','Power','1'),(230,7,9,0,'0.0','2020/06/30 00:31:17','Wed Feb 19 14:34:50 PST 2020','2020-02-19  12:35:11   ','Standby','Power','1'),(230,7,10,0,'0.0','2020/06/30 00:31:17','Wed Feb 19 14:34:50 PST 2020','2020-02-19  12:35:11   ','Standby','Power','1'),(230,7,11,0,'0.0','2020/06/30 00:31:17','Wed Feb 19 14:34:50 PST 2020','2020-02-19  12:35:11   ','Standby','Power','1'),(230,7,12,731,'-2.8471300711866747','2020/06/30 00:31:17','Wed Feb 19 14:34:50 PST 2020','2020-02-19  12:35:11   ','Standby','Power','1'),(230,7,13,1,'0.0016117216117216117','2020/06/30 00:31:17','Wed Feb 19 14:34:50 PST 2020','2020-02-19  12:35:11   ','Standby','Power','1'),(231,8,1,2469,'4.664322344322343','2020/06/30 00:41:32','Wed Feb 23 19:00:10 PST 2000','2020-02-16  01:28:14   ','Standby','Power','1'),(231,8,2,2161,'3.4829304029304025','2020/06/30 00:41:32','Wed Feb 23 19:00:10 PST 2000','2020-02-16  01:28:14   ','Standby','Power','1'),(231,8,3,1551,'2.4997802197802192','2020/06/30 00:41:32','Wed Feb 23 19:00:10 PST 2000','2020-02-16  01:28:14   ','Standby','Power','1'),(231,8,4,1553,'2.5030036630036627','2020/06/30 00:41:32','Wed Feb 23 19:00:10 PST 2000','2020-02-16  01:28:14   ','Standby','Power','1'),(231,8,5,2996,'4.828717948717949','2020/06/30 00:41:32','Wed Feb 23 19:00:10 PST 2000','2020-02-16  01:28:14   ','Standby','Power','1'),(231,8,6,2159,'4.142471655328798','2020/06/30 00:41:32','Wed Feb 23 19:00:10 PST 2000','2020-02-16  01:28:14   ','Standby','Power','1'),(231,8,7,3604,'5.340512149633028','2020/06/30 00:41:32','Wed Feb 23 19:00:10 PST 2000','2020-02-16  01:28:14   ','Standby','Power','1'),(231,8,8,0,'0.0','2020/06/30 00:41:32','Wed Feb 23 19:00:10 PST 2000','2020-02-16  01:28:14   ','Standby','Power','1'),(231,8,9,1554,'1.332242225859247','2020/06/30 00:41:32','Wed Feb 23 19:00:10 PST 2000','2020-02-16  01:28:14   ','Standby','Power','1'),(231,8,10,0,'0.0','2020/06/30 00:41:32','Wed Feb 23 19:00:10 PST 2000','2020-02-16  01:28:14   ','Standby','Power','1'),(231,8,11,0,'0.0','2020/06/30 00:41:32','Wed Feb 23 19:00:10 PST 2000','2020-02-16  01:28:14   ','Standby','Power','1'),(231,8,12,2160,'-2.303934273273896','2020/06/30 00:41:32','Wed Feb 23 19:00:10 PST 2000','2020-02-16  01:28:14   ','Standby','Power','1'),(231,8,13,1,'0.0016117216117216117','2020/06/30 00:41:32','Wed Feb 23 19:00:10 PST 2000','2020-02-16  01:28:14   ','Standby','Power','1'),(231,8,1,2469,'4.664322344322343','2020/06/30 00:41:34','Wed Feb 23 19:00:10 PST 2000','2020-02-16  01:28:14   ','Standby','Power','2'),(231,8,2,2161,'3.4829304029304025','2020/06/30 00:41:34','Wed Feb 23 19:00:10 PST 2000','2020-02-16  01:28:14   ','Standby','Power','2'),(231,8,3,1551,'2.4997802197802192','2020/06/30 00:41:34','Wed Feb 23 19:00:10 PST 2000','2020-02-16  01:28:14   ','Standby','Power','2'),(231,8,4,1553,'2.5030036630036627','2020/06/30 00:41:34','Wed Feb 23 19:00:10 PST 2000','2020-02-16  01:28:14   ','Standby','Power','2'),(231,8,5,2996,'4.828717948717949','2020/06/30 00:41:34','Wed Feb 23 19:00:10 PST 2000','2020-02-16  01:28:14   ','Standby','Power','2'),(231,8,6,2159,'4.142471655328798','2020/06/30 00:41:34','Wed Feb 23 19:00:10 PST 2000','2020-02-16  01:28:14   ','Standby','Power','2'),(231,8,7,3604,'5.340512149633028','2020/06/30 00:41:34','Wed Feb 23 19:00:10 PST 2000','2020-02-16  01:28:14   ','Standby','Power','2'),(231,8,8,0,'0.0','2020/06/30 00:41:34','Wed Feb 23 19:00:10 PST 2000','2020-02-16  01:28:14   ','Standby','Power','2'),(231,8,9,1554,'1.332242225859247','2020/06/30 00:41:34','Wed Feb 23 19:00:10 PST 2000','2020-02-16  01:28:14   ','Standby','Power','2'),(231,8,10,0,'0.0','2020/06/30 00:41:34','Wed Feb 23 19:00:10 PST 2000','2020-02-16  01:28:14   ','Standby','Power','2'),(231,8,11,0,'0.0','2020/06/30 00:41:34','Wed Feb 23 19:00:10 PST 2000','2020-02-16  01:28:14   ','Standby','Power','2'),(231,8,12,2160,'-2.303934273273896','2020/06/30 00:41:34','Wed Feb 23 19:00:10 PST 2000','2020-02-16  01:28:14   ','Standby','Power','2'),(231,8,13,1,'0.0016117216117216117','2020/06/30 00:41:34','Wed Feb 23 19:00:10 PST 2000','2020-02-16  01:28:14   ','Standby','Power','2'),(231,8,1,2469,'4.664322344322343','2020/06/30 00:41:35','Wed Feb 23 19:00:10 PST 2000','2020-02-16  01:28:15   ','Standby','Power','3'),(231,8,2,2161,'3.4829304029304025','2020/06/30 00:41:35','Wed Feb 23 19:00:10 PST 2000','2020-02-16  01:28:15   ','Standby','Power','3'),(231,8,3,1551,'2.4997802197802192','2020/06/30 00:41:35','Wed Feb 23 19:00:10 PST 2000','2020-02-16  01:28:15   ','Standby','Power','3'),(231,8,4,1553,'2.5030036630036627','2020/06/30 00:41:35','Wed Feb 23 19:00:10 PST 2000','2020-02-16  01:28:15   ','Standby','Power','3'),(231,8,5,2996,'4.828717948717949','2020/06/30 00:41:35','Wed Feb 23 19:00:10 PST 2000','2020-02-16  01:28:15   ','Standby','Power','3'),(231,8,6,2159,'4.142471655328798','2020/06/30 00:41:35','Wed Feb 23 19:00:10 PST 2000','2020-02-16  01:28:15   ','Standby','Power','3'),(231,8,7,3604,'5.340512149633028','2020/06/30 00:41:35','Wed Feb 23 19:00:10 PST 2000','2020-02-16  01:28:15   ','Standby','Power','3'),(231,8,8,0,'0.0','2020/06/30 00:41:35','Wed Feb 23 19:00:10 PST 2000','2020-02-16  01:28:15   ','Standby','Power','3'),(231,8,9,1554,'1.332242225859247','2020/06/30 00:41:35','Wed Feb 23 19:00:10 PST 2000','2020-02-16  01:28:15   ','Standby','Power','3'),(231,8,10,0,'0.0','2020/06/30 00:41:35','Wed Feb 23 19:00:10 PST 2000','2020-02-16  01:28:15   ','Standby','Power','3'),(231,8,11,0,'0.0','2020/06/30 00:41:35','Wed Feb 23 19:00:10 PST 2000','2020-02-16  01:28:15   ','Standby','Power','3'),(231,8,12,2160,'-2.303934273273896','2020/06/30 00:41:35','Wed Feb 23 19:00:10 PST 2000','2020-02-16  01:28:15   ','Standby','Power','3'),(231,8,13,1,'0.0016117216117216117','2020/06/30 00:41:35','Wed Feb 23 19:00:10 PST 2000','2020-02-16  01:28:15   ','Standby','Power','3'),(232,9,1,2357,'4.483809523809524','2020/06/30 14:26:34','Sun Jan 05 07:43:28 PST 2020','2020-01-05  05:43:16   ','CS','Power','1'),(232,9,2,2020,'3.2556776556776557','2020/06/30 14:26:34','Sun Jan 05 07:43:28 PST 2020','2020-01-05  05:43:16   ','CS','Power','1'),(232,9,3,1525,'2.457875457875458','2020/06/30 14:26:34','Sun Jan 05 07:43:28 PST 2020','2020-01-05  05:43:16   ','CS','Power','1'),(232,9,4,1523,'2.4546520146520145','2020/06/30 14:26:34','Sun Jan 05 07:43:28 PST 2020','2020-01-05  05:43:16   ','CS','Power','1'),(232,9,5,2982,'4.806153846153847','2020/06/30 14:26:34','Sun Jan 05 07:43:28 PST 2020','2020-01-05  05:43:16   ','CS','Power','1'),(232,9,6,3420,'6.561972789115646','2020/06/30 14:26:34','Sun Jan 05 07:43:28 PST 2020','2020-01-05  05:43:16   ','CS','Power','1'),(232,9,7,3403,'5.042662453541574','2020/06/30 14:26:34','Sun Jan 05 07:43:28 PST 2020','2020-01-05  05:43:16   ','CS','Power','1'),(232,9,8,935,'0.8015743122126102','2020/06/30 14:26:34','Sun Jan 05 07:43:28 PST 2020','2020-01-05  05:43:16   ','CS','Power','1'),(232,9,9,0,'0.0','2020/06/30 14:26:34','Sun Jan 05 07:43:28 PST 2020','2020-01-05  05:43:16   ','CS','Power','1'),(232,9,10,0,'0.0','2020/06/30 14:26:34','Sun Jan 05 07:43:28 PST 2020','2020-01-05  05:43:16   ','CS','Power','1'),(232,9,11,0,'0.0','2020/06/30 14:26:34','Sun Jan 05 07:43:28 PST 2020','2020-01-05  05:43:16   ','CS','Power','1'),(232,9,12,1056,'-2.723590089156127','2020/06/30 14:26:34','Sun Jan 05 07:43:28 PST 2020','2020-01-05  05:43:16   ','CS','Power','1'),(232,9,13,1,'0.0016117216117216117','2020/06/30 14:26:34','Sun Jan 05 07:43:28 PST 2020','2020-01-05  05:43:16   ','CS','Power','1'),(232,9,1,2357,'4.483809523809524','2020/06/30 14:26:36','Sun Jan 05 07:43:28 PST 2020','2020-01-05  05:43:16   ','CS','Power','2'),(232,9,2,2020,'3.2556776556776557','2020/06/30 14:26:36','Sun Jan 05 07:43:28 PST 2020','2020-01-05  05:43:16   ','CS','Power','2'),(232,9,3,1525,'2.457875457875458','2020/06/30 14:26:36','Sun Jan 05 07:43:28 PST 2020','2020-01-05  05:43:16   ','CS','Power','2'),(232,9,4,1523,'2.4546520146520145','2020/06/30 14:26:36','Sun Jan 05 07:43:28 PST 2020','2020-01-05  05:43:16   ','CS','Power','2'),(232,9,5,2982,'4.806153846153847','2020/06/30 14:26:36','Sun Jan 05 07:43:28 PST 2020','2020-01-05  05:43:16   ','CS','Power','2'),(232,9,6,3420,'6.561972789115646','2020/06/30 14:26:36','Sun Jan 05 07:43:28 PST 2020','2020-01-05  05:43:16   ','CS','Power','2'),(232,9,7,3403,'5.042662453541574','2020/06/30 14:26:36','Sun Jan 05 07:43:28 PST 2020','2020-01-05  05:43:16   ','CS','Power','2'),(232,9,8,935,'0.8015743122126102','2020/06/30 14:26:36','Sun Jan 05 07:43:28 PST 2020','2020-01-05  05:43:16   ','CS','Power','2'),(232,9,9,0,'0.0','2020/06/30 14:26:36','Sun Jan 05 07:43:28 PST 2020','2020-01-05  05:43:16   ','CS','Power','2'),(232,9,10,0,'0.0','2020/06/30 14:26:36','Sun Jan 05 07:43:28 PST 2020','2020-01-05  05:43:16   ','CS','Power','2'),(232,9,11,0,'0.0','2020/06/30 14:26:36','Sun Jan 05 07:43:28 PST 2020','2020-01-05  05:43:16   ','CS','Power','2'),(232,9,12,1056,'-2.723590089156127','2020/06/30 14:26:36','Sun Jan 05 07:43:28 PST 2020','2020-01-05  05:43:16   ','CS','Power','2'),(232,9,13,1,'0.0016117216117216117','2020/06/30 14:26:36','Sun Jan 05 07:43:28 PST 2020','2020-01-05  05:43:16   ','CS','Power','2'),(232,9,1,2357,'4.483809523809524','2020/06/30 14:26:37','Sun Jan 05 07:43:28 PST 2020','2020-01-05  05:43:16   ','CS','Power','3'),(232,9,2,2020,'3.2556776556776557','2020/06/30 14:26:37','Sun Jan 05 07:43:28 PST 2020','2020-01-05  05:43:16   ','CS','Power','3'),(232,9,3,1525,'2.457875457875458','2020/06/30 14:26:37','Sun Jan 05 07:43:28 PST 2020','2020-01-05  05:43:16   ','CS','Power','3'),(232,9,4,1523,'2.4546520146520145','2020/06/30 14:26:37','Sun Jan 05 07:43:28 PST 2020','2020-01-05  05:43:16   ','CS','Power','3'),(232,9,5,2982,'4.806153846153847','2020/06/30 14:26:37','Sun Jan 05 07:43:28 PST 2020','2020-01-05  05:43:16   ','CS','Power','3'),(232,9,6,3420,'6.561972789115646','2020/06/30 14:26:37','Sun Jan 05 07:43:28 PST 2020','2020-01-05  05:43:16   ','CS','Power','3'),(232,9,7,3403,'5.042662453541574','2020/06/30 14:26:37','Sun Jan 05 07:43:28 PST 2020','2020-01-05  05:43:16   ','CS','Power','3'),(232,9,8,935,'0.8015743122126102','2020/06/30 14:26:37','Sun Jan 05 07:43:28 PST 2020','2020-01-05  05:43:16   ','CS','Power','3'),(232,9,9,0,'0.0','2020/06/30 14:26:37','Sun Jan 05 07:43:28 PST 2020','2020-01-05  05:43:16   ','CS','Power','3'),(232,9,10,0,'0.0','2020/06/30 14:26:37','Sun Jan 05 07:43:28 PST 2020','2020-01-05  05:43:16   ','CS','Power','3'),(232,9,11,0,'0.0','2020/06/30 14:26:37','Sun Jan 05 07:43:28 PST 2020','2020-01-05  05:43:16   ','CS','Power','3'),(232,9,12,1056,'-2.723590089156127','2020/06/30 14:26:37','Sun Jan 05 07:43:28 PST 2020','2020-01-05  05:43:16   ','CS','Power','3'),(232,9,13,1,'0.0016117216117216117','2020/06/30 14:26:37','Sun Jan 05 07:43:28 PST 2020','2020-01-05  05:43:16   ','CS','Power','3');
/*!40000 ALTER TABLE `storage` ENABLE KEYS */;
UNLOCK TABLES;

--
-- Table structure for table `system`
--

DROP TABLE IF EXISTS `system`;
/*!40101 SET @saved_cs_client     = @@character_set_client */;
/*!40101 SET character_set_client = utf8 */;
CREATE TABLE `system` (
  `SYSTEMID` int(11) NOT NULL,
  `SYSTEMDESCRIPTION` varchar(1000) DEFAULT NULL,
  PRIMARY KEY (`SYSTEMID`)
) ENGINE=InnoDB DEFAULT CHARSET=latin1;
/*!40101 SET character_set_client = @saved_cs_client */;

--
-- Dumping data for table `system`
--

LOCK TABLES `system` WRITE;
/*!40000 ALTER TABLE `system` DISABLE KEYS */;
INSERT INTO `system` VALUES (1,'Power SubSystem'),(2,'OBC SubSystem'),(3,'Time');
/*!40000 ALTER TABLE `system` ENABLE KEYS */;
UNLOCK TABLES;

--
-- Table structure for table `type`
--

DROP TABLE IF EXISTS `type`;
/*!40101 SET @saved_cs_client     = @@character_set_client */;
/*!40101 SET character_set_client = utf8 */;
CREATE TABLE `type` (
  `TYPEID` int(11) NOT NULL,
  `DESCRIPTION` varchar(500) DEFAULT NULL,
  PRIMARY KEY (`TYPEID`)
) ENGINE=InnoDB DEFAULT CHARSET=latin1;
/*!40101 SET character_set_client = @saved_cs_client */;

--
-- Dumping data for table `type`
--

LOCK TABLES `type` WRITE;
/*!40000 ALTER TABLE `type` DISABLE KEYS */;
INSERT INTO `type` VALUES (1,'ON/OFF states & No change'),(2,'states'),(3,'Equations');
/*!40000 ALTER TABLE `type` ENABLE KEYS */;
UNLOCK TABLES;

--
-- Table structure for table `type1`
--

DROP TABLE IF EXISTS `type1`;
/*!40101 SET @saved_cs_client     = @@character_set_client */;
/*!40101 SET character_set_client = utf8 */;
CREATE TABLE `type1` (
  `TYPEID` int(11) DEFAULT NULL,
  `MESSAGEDESC` varchar(500) DEFAULT NULL,
  `MESSAGECODE` int(11) DEFAULT NULL,
  `MessageIndex` int(11) DEFAULT NULL,
  KEY `FK_RELATIONSHIP_8` (`TYPEID`),
  CONSTRAINT `FK_RELATIONSHIP_8` FOREIGN KEY (`TYPEID`) REFERENCES `type` (`TYPEID`)
) ENGINE=InnoDB DEFAULT CHARSET=latin1;
/*!40101 SET character_set_client = @saved_cs_client */;

--
-- Dumping data for table `type1`
--

LOCK TABLES `type1` WRITE;
/*!40000 ALTER TABLE `type1` DISABLE KEYS */;
/*!40000 ALTER TABLE `type1` ENABLE KEYS */;
UNLOCK TABLES;

--
-- Table structure for table `type2`
--

DROP TABLE IF EXISTS `type2`;
/*!40101 SET @saved_cs_client     = @@character_set_client */;
/*!40101 SET character_set_client = utf8 */;
CREATE TABLE `type2` (
  `TYPEID` int(11) DEFAULT NULL,
  `MESSAGEDESC` varchar(1000) DEFAULT NULL,
  `MESSAGECODE` int(11) DEFAULT NULL,
  `MessageIndex` int(11) DEFAULT NULL,
  KEY `FK_RELATIONSHIP_9` (`TYPEID`),
  CONSTRAINT `FK_RELATIONSHIP_9` FOREIGN KEY (`TYPEID`) REFERENCES `type` (`TYPEID`)
) ENGINE=InnoDB DEFAULT CHARSET=latin1;
/*!40101 SET character_set_client = @saved_cs_client */;

--
-- Dumping data for table `type2`
--

LOCK TABLES `type2` WRITE;
/*!40000 ALTER TABLE `type2` DISABLE KEYS */;
/*!40000 ALTER TABLE `type2` ENABLE KEYS */;
UNLOCK TABLES;

--
-- Table structure for table `type3`
--

DROP TABLE IF EXISTS `type3`;
/*!40101 SET @saved_cs_client     = @@character_set_client */;
/*!40101 SET character_set_client = utf8 */;
CREATE TABLE `type3` (
  `TYPEID` int(11) DEFAULT NULL,
  `MESSAGEDESC` varchar(500) NOT NULL,
  `MESSAGECODE` int(11) DEFAULT NULL,
  `MessageIndex` int(11) DEFAULT NULL,
  KEY `FK_RELATIONSHIP_10` (`TYPEID`),
  CONSTRAINT `FK_RELATIONSHIP_10` FOREIGN KEY (`TYPEID`) REFERENCES `type` (`TYPEID`)
) ENGINE=InnoDB DEFAULT CHARSET=latin1;
/*!40101 SET character_set_client = @saved_cs_client */;

--
-- Dumping data for table `type3`
--

LOCK TABLES `type3` WRITE;
/*!40000 ALTER TABLE `type3` DISABLE KEYS */;
INSERT INTO `type3` VALUES (3,'[[code+425]*3.3/4095]*2',0,1),(3,'[code * 2 ]*3.3/4095',0,2),(3,'[code * 2 ]*3.3/4095',0,3),(3,'[code * 2 ]*3.3/4095',0,4),(3,'[code * 2 ]*3.3/4095',0,5),(3,'[[[code*650]*3.3/4095]-0.01]/273',0,6),(3,'[[[code*502]*3.3/4095]-0.01]/273',0,7),(3,'[code /0.94]*3.3/4095',0,8),(3,'[code /0.94]*3.3/4095',0,9),(3,'[code /0.94]*3.3/4095',0,10),(3,'[code /0.94]*3.3/4095',0,11),(3,'[[[code/5.3]*3.3/4095]-1.25]/0.4',0,12),(3,'[code * 2 ]*3.3/4095',0,13);
/*!40000 ALTER TABLE `type3` ENABLE KEYS */;
UNLOCK TABLES;

--
-- Table structure for table `type3_1`
--

DROP TABLE IF EXISTS `type3_1`;
/*!40101 SET @saved_cs_client     = @@character_set_client */;
/*!40101 SET character_set_client = utf8 */;
CREATE TABLE `type3_1` (
  `X` float NOT NULL,
  `Y` float DEFAULT NULL,
  `messageIndex` int(11) DEFAULT NULL,
  PRIMARY KEY (`X`)
) ENGINE=InnoDB DEFAULT CHARSET=latin1;
/*!40101 SET character_set_client = @saved_cs_client */;

--
-- Dumping data for table `type3_1`
--

LOCK TABLES `type3_1` WRITE;
/*!40000 ALTER TABLE `type3_1` DISABLE KEYS */;
INSERT INTO `type3_1` VALUES (0,35.48,18),(2.169,37.649,18),(2.17,2.17,18),(27.7,27.7,18),(35.447,35.447,18);
/*!40000 ALTER TABLE `type3_1` ENABLE KEYS */;
UNLOCK TABLES;

--
-- Table structure for table `usertab`
--

DROP TABLE IF EXISTS `usertab`;
/*!40101 SET @saved_cs_client     = @@character_set_client */;
/*!40101 SET character_set_client = utf8 */;
CREATE TABLE `usertab` (
  `tabname` varchar(250) NOT NULL,
  `sensors` longtext NOT NULL,
  `Subsystem` longtext,
  `sensorFrame` longtext,
  `SensorSession` longtext,
  `SensorValue` longtext,
  `GroundTime` longtext,
  `OBC_Time` longtext,
  `Mode` longtext,
  `SensorTime` longtext,
  PRIMARY KEY (`tabname`)
) ENGINE=MyISAM DEFAULT CHARSET=latin1;
/*!40101 SET character_set_client = @saved_cs_client */;

--
-- Dumping data for table `usertab`
--

LOCK TABLES `usertab` WRITE;
/*!40000 ALTER TABLE `usertab` DISABLE KEYS */;
INSERT INTO `usertab` VALUES ('sens1','Solar Array Voltage,5V bus Voltage (Mux Address= 6),3.3V bus Voltage2 (Mux Address= 1),','Power',NULL,NULL,NULL,NULL,NULL,NULL,NULL),('t1','Battery Voltage,3.3V bus Voltage1 (Mux Address= 5),Temperature Sensor of BatteryT2_BAT,','Power',NULL,NULL,NULL,NULL,NULL,NULL,NULL),('mn','Solar Array Voltage,',NULL,NULL,NULL,NULL,NULL,NULL,NULL,NULL),('mx','Solar Array Voltage,','Power','null,','217,','4.483809523809524,','null,','null,','null,','2020/06/26 00:28:51,'),('yarb','Solar Array Voltage,Battery Voltage,5V bus Voltage (Mux Address= 6),3.3V bus Voltage1 (Mux Address= 5),3.3V bus Voltage2 (Mux Address= 1),Temperature Sensor of BatteryT1_BAT,','Power','0,0,0,0,0,0,','218,218,218,218,218,218,','4.483809523809524,3.2556776556776557,2.457875457875458,2.4546520146520145,4.806153846153847,6.561972789115646,','[2020-01-05  05:43:16   , 2020-01-05  05:43:16   , 2020-01-05  05:43:16   ],[2020-01-05  05:43:16   , 2020-01-05  05:43:16   , 2020-01-05  05:43:16   ],[2020-01-05  05:43:16   , 2020-01-05  05:43:16   , 2020-01-05  05:43:16   ],[2020-01-05  05:43:16   , 2020-01-05  05:43:16   , 2020-01-05  05:43:16   ],[2020-01-05  05:43:16   , 2020-01-05  05:43:16   , 2020-01-05  05:43:16   ],[2020-01-05  05:43:16   , 2020-01-05  05:43:16   , 2020-01-05  05:43:16   ],','[Sun Jan 05 07:43:28 PST 2020, Sun Jan 05 07:43:28 PST 2020, Sun Jan 05 07:43:28 PST 2020],[Sun Jan 05 07:43:28 PST 2020, Sun Jan 05 07:43:28 PST 2020, Sun Jan 05 07:43:28 PST 2020],[Sun Jan 05 07:43:28 PST 2020, Sun Jan 05 07:43:28 PST 2020, Sun Jan 05 07:43:28 PST 2020],[Sun Jan 05 07:43:28 PST 2020, Sun Jan 05 07:43:28 PST 2020, Sun Jan 05 07:43:28 PST 2020],[Sun Jan 05 07:43:28 PST 2020, Sun Jan 05 07:43:28 PST 2020, Sun Jan 05 07:43:28 PST 2020],[Sun Jan 05 07:43:28 PST 2020, Sun Jan 05 07:43:28 PST 2020, Sun Jan 05 07:43:28 PST 2020],','[CS, CS, CS],[CS, CS, CS],[CS, CS, CS],[CS, CS, CS],[CS, CS, CS],[CS, CS, CS],','2020/06/28 23:44:18,2020/06/28 23:44:18,2020/06/28 23:44:18,2020/06/28 23:44:18,2020/06/28 23:44:18,2020/06/28 23:44:18,'),('packet219_222_fram3','Solar Array Voltage,Battery Voltage,5V bus Voltage (Mux Address= 6),3.3V bus Voltage1 (Mux Address= 5),3.3V bus Voltage2 (Mux Address= 1),Temperature Sensor of BatteryT1_BAT,Temperature Sensor of BatteryT2_BAT,Solar Array Current,5V bus Current,3.3V bus Current1,3.3V bus Current2,Battery Current,Kill switch status,Solar Array Voltage,Battery Voltage,5V bus Voltage (Mux Address= 6),3.3V bus Voltage1 (Mux Address= 5),3.3V bus Voltage2 (Mux Address= 1),Temperature Sensor of BatteryT1_BAT,Temperature Sensor of BatteryT2_BAT,Solar Array Current,5V bus Current,3.3V bus Current1,3.3V bus Current2,Battery Current,Kill switch status,','Power','1,1,1,1,1,1,1,1,1,1,1,1,1,2,2,2,2,2,2,2,2,2,2,2,2,2,','219,219,219,219,219,219,219,219,219,219,219,219,219,219,219,219,219,219,219,219,219,219,219,219,219,219,','0.684981684981685,2.9704029304029302,2.473992673992674,2.469157509157509,2.472380952380952,6.661746031746032,5.133054649867836,1.5774296625360456,0.0,0.0,1.320240043644299,-2.8710778215495196,0.0016117216117216117,0.684981684981685,2.9704029304029302,2.473992673992674,2.469157509157509,2.472380952380952,6.661746031746032,5.133054649867836,1.5774296625360456,0.0,0.0,1.320240043644299,-2.8710778215495196,0.0016117216117216117,','[2020-01-12  03:10:31   , 2020-01-12  03:10:31   , 2020-01-12  03:10:32   ],[2020-01-12  03:10:31   , 2020-01-12  03:10:31   , 2020-01-12  03:10:32   ],[2020-01-12  03:10:31   , 2020-01-12  03:10:31   , 2020-01-12  03:10:32   ],[2020-01-12  03:10:31   , 2020-01-12  03:10:31   , 2020-01-12  03:10:32   ],[2020-01-12  03:10:31   , 2020-01-12  03:10:31   , 2020-01-12  03:10:32   ],[2020-01-12  03:10:31   , 2020-01-12  03:10:31   , 2020-01-12  03:10:32   ],[2020-01-12  03:10:31   , 2020-01-12  03:10:31   , 2020-01-12  03:10:32   ],[2020-01-12  03:10:31   , 2020-01-12  03:10:31   , 2020-01-12  03:10:32   ],[2020-01-12  03:10:31   , 2020-01-12  03:10:31   , 2020-01-12  03:10:32   ],[2020-01-12  03:10:31   , 2020-01-12  03:10:31   , 2020-01-12  03:10:32   ],[2020-01-12  03:10:31   , 2020-01-12  03:10:31   , 2020-01-12  03:10:32   ],[2020-01-12  03:10:31   , 2020-01-12  03:10:31   , 2020-01-12  03:10:32   ],[2020-01-12  03:10:31   , 2020-01-12  03:10:31   , 2020-01-12  03:10:32   ],[2020-01-12  03:10:31   , 2020-01-12  03:10:31   , 2020-01-12  03:10:32   ],[2020-01-12  03:10:31   , 2020-01-12  03:10:31   , 2020-01-12  03:10:32   ],[2020-01-12  03:10:31   , 2020-01-12  03:10:31   , 2020-01-12  03:10:32   ],[2020-01-12  03:10:31   , 2020-01-12  03:10:31   , 2020-01-12  03:10:32   ],[2020-01-12  03:10:31   , 2020-01-12  03:10:31   , 2020-01-12  03:10:32   ],[2020-01-12  03:10:31   , 2020-01-12  03:10:31   , 2020-01-12  03:10:32   ],[2020-01-12  03:10:31   , 2020-01-12  03:10:31   , 2020-01-12  03:10:32   ],[2020-01-12  03:10:31   , 2020-01-12  03:10:31   , 2020-01-12  03:10:32   ],[2020-01-12  03:10:31   , 2020-01-12  03:10:31   , 2020-01-12  03:10:32   ],[2020-01-12  03:10:31   , 2020-01-12  03:10:31   , 2020-01-12  03:10:32   ],[2020-01-12  03:10:31   , 2020-01-12  03:10:31   , 2020-01-12  03:10:32   ],[2020-01-12  03:10:31   , 2020-01-12  03:10:31   , 2020-01-12  03:10:32   ],[2020-01-12  03:10:31   , 2020-01-12  03:10:31   , 2020-01-12  03:10:32   ],','[Sun Jan 12 05:10:30 PST 2020, Sun Jan 12 05:10:30 PST 2020, Sun Jan 12 05:10:30 PST 2020],[Sun Jan 12 05:10:30 PST 2020, Sun Jan 12 05:10:30 PST 2020, Sun Jan 12 05:10:30 PST 2020],[Sun Jan 12 05:10:30 PST 2020, Sun Jan 12 05:10:30 PST 2020, Sun Jan 12 05:10:30 PST 2020],[Sun Jan 12 05:10:30 PST 2020, Sun Jan 12 05:10:30 PST 2020, Sun Jan 12 05:10:30 PST 2020],[Sun Jan 12 05:10:30 PST 2020, Sun Jan 12 05:10:30 PST 2020, Sun Jan 12 05:10:30 PST 2020],[Sun Jan 12 05:10:30 PST 2020, Sun Jan 12 05:10:30 PST 2020, Sun Jan 12 05:10:30 PST 2020],[Sun Jan 12 05:10:30 PST 2020, Sun Jan 12 05:10:30 PST 2020, Sun Jan 12 05:10:30 PST 2020],[Sun Jan 12 05:10:30 PST 2020, Sun Jan 12 05:10:30 PST 2020, Sun Jan 12 05:10:30 PST 2020],[Sun Jan 12 05:10:30 PST 2020, Sun Jan 12 05:10:30 PST 2020, Sun Jan 12 05:10:30 PST 2020],[Sun Jan 12 05:10:30 PST 2020, Sun Jan 12 05:10:30 PST 2020, Sun Jan 12 05:10:30 PST 2020],[Sun Jan 12 05:10:30 PST 2020, Sun Jan 12 05:10:30 PST 2020, Sun Jan 12 05:10:30 PST 2020],[Sun Jan 12 05:10:30 PST 2020, Sun Jan 12 05:10:30 PST 2020, Sun Jan 12 05:10:30 PST 2020],[Sun Jan 12 05:10:30 PST 2020, Sun Jan 12 05:10:30 PST 2020, Sun Jan 12 05:10:30 PST 2020],[Sun Jan 12 05:10:30 PST 2020, Sun Jan 12 05:10:30 PST 2020, Sun Jan 12 05:10:30 PST 2020],[Sun Jan 12 05:10:30 PST 2020, Sun Jan 12 05:10:30 PST 2020, Sun Jan 12 05:10:30 PST 2020],[Sun Jan 12 05:10:30 PST 2020, Sun Jan 12 05:10:30 PST 2020, Sun Jan 12 05:10:30 PST 2020],[Sun Jan 12 05:10:30 PST 2020, Sun Jan 12 05:10:30 PST 2020, Sun Jan 12 05:10:30 PST 2020],[Sun Jan 12 05:10:30 PST 2020, Sun Jan 12 05:10:30 PST 2020, Sun Jan 12 05:10:30 PST 2020],[Sun Jan 12 05:10:30 PST 2020, Sun Jan 12 05:10:30 PST 2020, Sun Jan 12 05:10:30 PST 2020],[Sun Jan 12 05:10:30 PST 2020, Sun Jan 12 05:10:30 PST 2020, Sun Jan 12 05:10:30 PST 2020],[Sun Jan 12 05:10:30 PST 2020, Sun Jan 12 05:10:30 PST 2020, Sun Jan 12 05:10:30 PST 2020],[Sun Jan 12 05:10:30 PST 2020, Sun Jan 12 05:10:30 PST 2020, Sun Jan 12 05:10:30 PST 2020],[Sun Jan 12 05:10:30 PST 2020, Sun Jan 12 05:10:30 PST 2020, Sun Jan 12 05:10:30 PST 2020],[Sun Jan 12 05:10:30 PST 2020, Sun Jan 12 05:10:30 PST 2020, Sun Jan 12 05:10:30 PST 2020],[Sun Jan 12 05:10:30 PST 2020, Sun Jan 12 05:10:30 PST 2020, Sun Jan 12 05:10:30 PST 2020],[Sun Jan 12 05:10:30 PST 2020, Sun Jan 12 05:10:30 PST 2020, Sun Jan 12 05:10:30 PST 2020],','[Standby, Standby, Standby],[Standby, Standby, Standby],[Standby, Standby, Standby],[Standby, Standby, Standby],[Standby, Standby, Standby],[Standby, Standby, Standby],[Standby, Standby, Standby],[Standby, Standby, Standby],[Standby, Standby, Standby],[Standby, Standby, Standby],[Standby, Standby, Standby],[Standby, Standby, Standby],[Standby, Standby, Standby],[Standby, Standby, Standby],[Standby, Standby, Standby],[Standby, Standby, Standby],[Standby, Standby, Standby],[Standby, Standby, Standby],[Standby, Standby, Standby],[Standby, Standby, Standby],[Standby, Standby, Standby],[Standby, Standby, Standby],[Standby, Standby, Standby],[Standby, Standby, Standby],[Standby, Standby, Standby],[Standby, Standby, Standby],','2020/06/29 00:09:58,2020/06/29 00:09:58,2020/06/29 00:09:58,2020/06/29 00:09:58,2020/06/29 00:09:58,2020/06/29 00:09:58,2020/06/29 00:09:58,2020/06/29 00:09:58,2020/06/29 00:09:58,2020/06/29 00:09:58,2020/06/29 00:09:58,2020/06/29 00:09:58,2020/06/29 00:09:58,2020/06/29 00:10:00,2020/06/29 00:10:00,2020/06/29 00:10:00,2020/06/29 00:10:00,2020/06/29 00:10:00,2020/06/29 00:10:00,2020/06/29 00:10:00,2020/06/29 00:10:00,2020/06/29 00:10:00,2020/06/29 00:10:00,2020/06/29 00:10:00,2020/06/29 00:10:00,2020/06/29 00:10:00,'),('packet218_222_frame0_1','Solar Array Voltage,Battery Voltage,5V bus Voltage (Mux Address= 6),3.3V bus Voltage1 (Mux Address= 5),3.3V bus Voltage2 (Mux Address= 1),Temperature Sensor of BatteryT1_BAT,Temperature Sensor of BatteryT2_BAT,Solar Array Current,5V bus Current,3.3V bus Current1,3.3V bus Current2,Battery Current,Kill switch status,Solar Array Voltage,Battery Voltage,5V bus Voltage (Mux Address= 6),3.3V bus Voltage1 (Mux Address= 5),3.3V bus Voltage2 (Mux Address= 1),Temperature Sensor of BatteryT1_BAT,Temperature Sensor of BatteryT2_BAT,Solar Array Current,5V bus Current,3.3V bus Current1,3.3V bus Current2,Battery Current,Kill switch status,','Power','0,0,0,0,0,0,0,0,0,0,0,0,0,1,1,1,1,1,1,1,1,1,1,1,1,1,','218,218,218,218,218,218,218,218,218,218,218,218,218,218,218,218,218,218,218,218,218,218,218,218,218,218,','4.483809523809524,3.2556776556776557,2.457875457875458,2.4546520146520145,4.806153846153847,6.561972789115646,5.042662453541574,0.8015743122126102,0.0,0.0,0.0,-2.723590089156127,0.0016117216117216117,4.483809523809524,3.2556776556776557,2.457875457875458,2.4546520146520145,4.806153846153847,6.561972789115646,5.042662453541574,0.8015743122126102,0.0,0.0,0.0,-2.723590089156127,0.0016117216117216117,','[2020-01-05  05:43:16   , 2020-01-05  05:43:16   , 2020-01-05  05:43:16   ],[2020-01-05  05:43:16   , 2020-01-05  05:43:16   , 2020-01-05  05:43:16   ],[2020-01-05  05:43:16   , 2020-01-05  05:43:16   , 2020-01-05  05:43:16   ],[2020-01-05  05:43:16   , 2020-01-05  05:43:16   , 2020-01-05  05:43:16   ],[2020-01-05  05:43:16   , 2020-01-05  05:43:16   , 2020-01-05  05:43:16   ],[2020-01-05  05:43:16   , 2020-01-05  05:43:16   , 2020-01-05  05:43:16   ],[2020-01-05  05:43:16   , 2020-01-05  05:43:16   , 2020-01-05  05:43:16   ],[2020-01-05  05:43:16   , 2020-01-05  05:43:16   , 2020-01-05  05:43:16   ],[2020-01-05  05:43:16   , 2020-01-05  05:43:16   , 2020-01-05  05:43:16   ],[2020-01-05  05:43:16   , 2020-01-05  05:43:16   , 2020-01-05  05:43:16   ],[2020-01-05  05:43:16   , 2020-01-05  05:43:16   , 2020-01-05  05:43:16   ],[2020-01-05  05:43:16   , 2020-01-05  05:43:16   , 2020-01-05  05:43:16   ],[2020-01-05  05:43:16   , 2020-01-05  05:43:16   , 2020-01-05  05:43:16   ],[2020-01-05  05:43:16   , 2020-01-05  05:43:16   , 2020-01-05  05:43:16   ],[2020-01-05  05:43:16   , 2020-01-05  05:43:16   , 2020-01-05  05:43:16   ],[2020-01-05  05:43:16   , 2020-01-05  05:43:16   , 2020-01-05  05:43:16   ],[2020-01-05  05:43:16   , 2020-01-05  05:43:16   , 2020-01-05  05:43:16   ],[2020-01-05  05:43:16   , 2020-01-05  05:43:16   , 2020-01-05  05:43:16   ],[2020-01-05  05:43:16   , 2020-01-05  05:43:16   , 2020-01-05  05:43:16   ],[2020-01-05  05:43:16   , 2020-01-05  05:43:16   , 2020-01-05  05:43:16   ],[2020-01-05  05:43:16   , 2020-01-05  05:43:16   , 2020-01-05  05:43:16   ],[2020-01-05  05:43:16   , 2020-01-05  05:43:16   , 2020-01-05  05:43:16   ],[2020-01-05  05:43:16   , 2020-01-05  05:43:16   , 2020-01-05  05:43:16   ],[2020-01-05  05:43:16   , 2020-01-05  05:43:16   , 2020-01-05  05:43:16   ],[2020-01-05  05:43:16   , 2020-01-05  05:43:16   , 2020-01-05  05:43:16   ],[2020-01-05  05:43:16   , 2020-01-05  05:43:16   , 2020-01-05  05:43:16   ],','[Sun Jan 05 07:43:28 PST 2020, Sun Jan 05 07:43:28 PST 2020, Sun Jan 05 07:43:28 PST 2020],[Sun Jan 05 07:43:28 PST 2020, Sun Jan 05 07:43:28 PST 2020, Sun Jan 05 07:43:28 PST 2020],[Sun Jan 05 07:43:28 PST 2020, Sun Jan 05 07:43:28 PST 2020, Sun Jan 05 07:43:28 PST 2020],[Sun Jan 05 07:43:28 PST 2020, Sun Jan 05 07:43:28 PST 2020, Sun Jan 05 07:43:28 PST 2020],[Sun Jan 05 07:43:28 PST 2020, Sun Jan 05 07:43:28 PST 2020, Sun Jan 05 07:43:28 PST 2020],[Sun Jan 05 07:43:28 PST 2020, Sun Jan 05 07:43:28 PST 2020, Sun Jan 05 07:43:28 PST 2020],[Sun Jan 05 07:43:28 PST 2020, Sun Jan 05 07:43:28 PST 2020, Sun Jan 05 07:43:28 PST 2020],[Sun Jan 05 07:43:28 PST 2020, Sun Jan 05 07:43:28 PST 2020, Sun Jan 05 07:43:28 PST 2020],[Sun Jan 05 07:43:28 PST 2020, Sun Jan 05 07:43:28 PST 2020, Sun Jan 05 07:43:28 PST 2020],[Sun Jan 05 07:43:28 PST 2020, Sun Jan 05 07:43:28 PST 2020, Sun Jan 05 07:43:28 PST 2020],[Sun Jan 05 07:43:28 PST 2020, Sun Jan 05 07:43:28 PST 2020, Sun Jan 05 07:43:28 PST 2020],[Sun Jan 05 07:43:28 PST 2020, Sun Jan 05 07:43:28 PST 2020, Sun Jan 05 07:43:28 PST 2020],[Sun Jan 05 07:43:28 PST 2020, Sun Jan 05 07:43:28 PST 2020, Sun Jan 05 07:43:28 PST 2020],[Sun Jan 05 07:43:28 PST 2020, Sun Jan 05 07:43:28 PST 2020, Sun Jan 05 07:43:28 PST 2020],[Sun Jan 05 07:43:28 PST 2020, Sun Jan 05 07:43:28 PST 2020, Sun Jan 05 07:43:28 PST 2020],[Sun Jan 05 07:43:28 PST 2020, Sun Jan 05 07:43:28 PST 2020, Sun Jan 05 07:43:28 PST 2020],[Sun Jan 05 07:43:28 PST 2020, Sun Jan 05 07:43:28 PST 2020, Sun Jan 05 07:43:28 PST 2020],[Sun Jan 05 07:43:28 PST 2020, Sun Jan 05 07:43:28 PST 2020, Sun Jan 05 07:43:28 PST 2020],[Sun Jan 05 07:43:28 PST 2020, Sun Jan 05 07:43:28 PST 2020, Sun Jan 05 07:43:28 PST 2020],[Sun Jan 05 07:43:28 PST 2020, Sun Jan 05 07:43:28 PST 2020, Sun Jan 05 07:43:28 PST 2020],[Sun Jan 05 07:43:28 PST 2020, Sun Jan 05 07:43:28 PST 2020, Sun Jan 05 07:43:28 PST 2020],[Sun Jan 05 07:43:28 PST 2020, Sun Jan 05 07:43:28 PST 2020, Sun Jan 05 07:43:28 PST 2020],[Sun Jan 05 07:43:28 PST 2020, Sun Jan 05 07:43:28 PST 2020, Sun Jan 05 07:43:28 PST 2020],[Sun Jan 05 07:43:28 PST 2020, Sun Jan 05 07:43:28 PST 2020, Sun Jan 05 07:43:28 PST 2020],[Sun Jan 05 07:43:28 PST 2020, Sun Jan 05 07:43:28 PST 2020, Sun Jan 05 07:43:28 PST 2020],[Sun Jan 05 07:43:28 PST 2020, Sun Jan 05 07:43:28 PST 2020, Sun Jan 05 07:43:28 PST 2020],','[CS, CS, CS],[CS, CS, CS],[CS, CS, CS],[CS, CS, CS],[CS, CS, CS],[CS, CS, CS],[CS, CS, CS],[CS, CS, CS],[CS, CS, CS],[CS, CS, CS],[CS, CS, CS],[CS, CS, CS],[CS, CS, CS],[CS, CS, CS],[CS, CS, CS],[CS, CS, CS],[CS, CS, CS],[CS, CS, CS],[CS, CS, CS],[CS, CS, CS],[CS, CS, CS],[CS, CS, CS],[CS, CS, CS],[CS, CS, CS],[CS, CS, CS],[CS, CS, CS],','2020/06/28 23:44:18,2020/06/28 23:44:18,2020/06/28 23:44:18,2020/06/28 23:44:18,2020/06/28 23:44:18,2020/06/28 23:44:18,2020/06/28 23:44:18,2020/06/28 23:44:18,2020/06/28 23:44:18,2020/06/28 23:44:18,2020/06/28 23:44:18,2020/06/28 23:44:18,2020/06/28 23:44:18,2020/06/28 23:44:20,2020/06/28 23:44:20,2020/06/28 23:44:20,2020/06/28 23:44:20,2020/06/28 23:44:20,2020/06/28 23:44:20,2020/06/28 23:44:20,2020/06/28 23:44:20,2020/06/28 23:44:20,2020/06/28 23:44:20,2020/06/28 23:44:20,2020/06/28 23:44:20,2020/06/28 23:44:20,'),('packet217_222 frame 1','Solar Array Voltage,Battery Voltage,5V bus Voltage (Mux Address= 6),3.3V bus Voltage1 (Mux Address= 5),3.3V bus Voltage2 (Mux Address= 1),Temperature Sensor of BatteryT1_BAT,Temperature Sensor of BatteryT2_BAT,Solar Array Current,5V bus Current,3.3V bus Current1,3.3V bus Current2,Battery Current,Kill switch status,Solar Array Voltage,Battery Voltage,5V bus Voltage (Mux Address= 6),3.3V bus Voltage1 (Mux Address= 5),3.3V bus Voltage2 (Mux Address= 1),Temperature Sensor of BatteryT1_BAT,Temperature Sensor of BatteryT2_BAT,Solar Array Current,5V bus Current,3.3V bus Current1,3.3V bus Current2,Battery Current,Kill switch status,','Power','null,null,null,null,null,null,null,null,null,null,null,null,null,1,1,1,1,1,1,1,1,1,1,1,1,1,','217,217,217,217,217,217,217,217,217,217,217,217,217,222,222,222,222,222,222,222,222,222,222,222,222,222,','4.483809523809524,3.2556776556776557,2.457875457875458,2.4546520146520145,4.806153846153847,6.561972789115646,5.042662453541574,0.8015743122126102,0.0,0.0,0.0,-2.723590089156127,0.0016117216117216117,4.483809523809524,3.2556776556776557,2.457875457875458,2.4546520146520145,4.806153846153847,6.561972789115646,5.042662453541574,0.8015743122126102,0.0,0.0,0.0,-2.723590089156127,0.0016117216117216117,','null,null,null,null,null,null,null,null,null,null,null,null,null,2020-01-05  05:43:16   ,2020-01-05  05:43:16   ,2020-01-05  05:43:16   ,2020-01-05  05:43:16   ,2020-01-05  05:43:16   ,2020-01-05  05:43:16   ,2020-01-05  05:43:16   ,2020-01-05  05:43:16   ,2020-01-05  05:43:16   ,2020-01-05  05:43:16   ,2020-01-05  05:43:16   ,2020-01-05  05:43:16   ,2020-01-05  05:43:16   ,','null,null,null,null,null,null,null,null,null,null,null,null,null,Sun Jan 05 07:43:28 PST 2020,Sun Jan 05 07:43:28 PST 2020,Sun Jan 05 07:43:28 PST 2020,Sun Jan 05 07:43:28 PST 2020,Sun Jan 05 07:43:28 PST 2020,Sun Jan 05 07:43:28 PST 2020,Sun Jan 05 07:43:28 PST 2020,Sun Jan 05 07:43:28 PST 2020,Sun Jan 05 07:43:28 PST 2020,Sun Jan 05 07:43:28 PST 2020,Sun Jan 05 07:43:28 PST 2020,Sun Jan 05 07:43:28 PST 2020,Sun Jan 05 07:43:28 PST 2020,','null,null,null,null,null,null,null,null,null,null,null,null,null,CS,CS,CS,CS,CS,CS,CS,CS,CS,CS,CS,CS,CS,','2020/06/26 00:28:51,2020/06/26 00:28:51,2020/06/26 00:28:51,2020/06/26 00:28:51,2020/06/26 00:28:51,2020/06/26 00:28:51,2020/06/26 00:28:51,2020/06/26 00:28:51,2020/06/26 00:28:51,2020/06/26 00:28:51,2020/06/26 00:28:51,2020/06/26 00:28:51,2020/06/26 00:28:51,2020/06/29 00:17:05,2020/06/29 00:17:05,2020/06/29 00:17:05,2020/06/29 00:17:05,2020/06/29 00:17:05,2020/06/29 00:17:05,2020/06/29 00:17:05,2020/06/29 00:17:05,2020/06/29 00:17:05,2020/06/29 00:17:05,2020/06/29 00:17:05,2020/06/29 00:17:05,2020/06/29 00:17:05,'),('packet 231','Solar Array Voltage,Battery Voltage,5V bus Voltage (Mux Address= 6),3.3V bus Voltage1 (Mux Address= 5),3.3V bus Voltage2 (Mux Address= 1),Temperature Sensor of BatteryT1_BAT,Temperature Sensor of BatteryT2_BAT,Solar Array Current,5V bus Current,3.3V bus Current1,3.3V bus Current2,Battery Current,Kill switch status,Solar Array Voltage,Battery Voltage,5V bus Voltage (Mux Address= 6),3.3V bus Voltage1 (Mux Address= 5),3.3V bus Voltage2 (Mux Address= 1),Temperature Sensor of BatteryT1_BAT,Temperature Sensor of BatteryT2_BAT,Solar Array Current,5V bus Current,3.3V bus Current1,3.3V bus Current2,Battery Current,Kill switch status,Solar Array Voltage,Battery Voltage,5V bus Voltage (Mux Address= 6),3.3V bus Voltage1 (Mux Address= 5),3.3V bus Voltage2 (Mux Address= 1),Temperature Sensor of BatteryT1_BAT,Temperature Sensor of BatteryT2_BAT,Solar Array Current,5V bus Current,3.3V bus Current1,3.3V bus Current2,Battery Current,Kill switch status,','Power','1,1,1,1,1,1,1,1,1,1,1,1,1,2,2,2,2,2,2,2,2,2,2,2,2,2,3,3,3,3,3,3,3,3,3,3,3,3,3,','231,231,231,231,231,231,231,231,231,231,231,231,231,231,231,231,231,231,231,231,231,231,231,231,231,231,231,231,231,231,231,231,231,231,231,231,231,231,231,','4.664322344322343,3.4829304029304025,2.4997802197802192,2.5030036630036627,4.828717948717949,4.142471655328798,5.340512149633028,0.0,1.332242225859247,0.0,0.0,-2.303934273273896,0.0016117216117216117,4.664322344322343,3.4829304029304025,2.4997802197802192,2.5030036630036627,4.828717948717949,4.142471655328798,5.340512149633028,0.0,1.332242225859247,0.0,0.0,-2.303934273273896,0.0016117216117216117,4.664322344322343,3.4829304029304025,2.4997802197802192,2.5030036630036627,4.828717948717949,4.142471655328798,5.340512149633028,0.0,1.332242225859247,0.0,0.0,-2.303934273273896,0.0016117216117216117,','2020-02-16  01:28:14   ,2020-02-16  01:28:14   ,2020-02-16  01:28:14   ,2020-02-16  01:28:14   ,2020-02-16  01:28:14   ,2020-02-16  01:28:14   ,2020-02-16  01:28:14   ,2020-02-16  01:28:14   ,2020-02-16  01:28:14   ,2020-02-16  01:28:14   ,2020-02-16  01:28:14   ,2020-02-16  01:28:14   ,2020-02-16  01:28:14   ,2020-02-16  01:28:14   ,2020-02-16  01:28:14   ,2020-02-16  01:28:14   ,2020-02-16  01:28:14   ,2020-02-16  01:28:14   ,2020-02-16  01:28:14   ,2020-02-16  01:28:14   ,2020-02-16  01:28:14   ,2020-02-16  01:28:14   ,2020-02-16  01:28:14   ,2020-02-16  01:28:14   ,2020-02-16  01:28:14   ,2020-02-16  01:28:14   ,2020-02-16  01:28:15   ,2020-02-16  01:28:15   ,2020-02-16  01:28:15   ,2020-02-16  01:28:15   ,2020-02-16  01:28:15   ,2020-02-16  01:28:15   ,2020-02-16  01:28:15   ,2020-02-16  01:28:15   ,2020-02-16  01:28:15   ,2020-02-16  01:28:15   ,2020-02-16  01:28:15   ,2020-02-16  01:28:15   ,2020-02-16  01:28:15   ,','Wed Feb 23 19:00:10 PST 2000,Wed Feb 23 19:00:10 PST 2000,Wed Feb 23 19:00:10 PST 2000,Wed Feb 23 19:00:10 PST 2000,Wed Feb 23 19:00:10 PST 2000,Wed Feb 23 19:00:10 PST 2000,Wed Feb 23 19:00:10 PST 2000,Wed Feb 23 19:00:10 PST 2000,Wed Feb 23 19:00:10 PST 2000,Wed Feb 23 19:00:10 PST 2000,Wed Feb 23 19:00:10 PST 2000,Wed Feb 23 19:00:10 PST 2000,Wed Feb 23 19:00:10 PST 2000,Wed Feb 23 19:00:10 PST 2000,Wed Feb 23 19:00:10 PST 2000,Wed Feb 23 19:00:10 PST 2000,Wed Feb 23 19:00:10 PST 2000,Wed Feb 23 19:00:10 PST 2000,Wed Feb 23 19:00:10 PST 2000,Wed Feb 23 19:00:10 PST 2000,Wed Feb 23 19:00:10 PST 2000,Wed Feb 23 19:00:10 PST 2000,Wed Feb 23 19:00:10 PST 2000,Wed Feb 23 19:00:10 PST 2000,Wed Feb 23 19:00:10 PST 2000,Wed Feb 23 19:00:10 PST 2000,Wed Feb 23 19:00:10 PST 2000,Wed Feb 23 19:00:10 PST 2000,Wed Feb 23 19:00:10 PST 2000,Wed Feb 23 19:00:10 PST 2000,Wed Feb 23 19:00:10 PST 2000,Wed Feb 23 19:00:10 PST 2000,Wed Feb 23 19:00:10 PST 2000,Wed Feb 23 19:00:10 PST 2000,Wed Feb 23 19:00:10 PST 2000,Wed Feb 23 19:00:10 PST 2000,Wed Feb 23 19:00:10 PST 2000,Wed Feb 23 19:00:10 PST 2000,Wed Feb 23 19:00:10 PST 2000,','Standby,Standby,Standby,Standby,Standby,Standby,Standby,Standby,Standby,Standby,Standby,Standby,Standby,Standby,Standby,Standby,Standby,Standby,Standby,Standby,Standby,Standby,Standby,Standby,Standby,Standby,Standby,Standby,Standby,Standby,Standby,Standby,Standby,Standby,Standby,Standby,Standby,Standby,Standby,','2020/06/30 00:41:32,2020/06/30 00:41:32,2020/06/30 00:41:32,2020/06/30 00:41:32,2020/06/30 00:41:32,2020/06/30 00:41:32,2020/06/30 00:41:32,2020/06/30 00:41:32,2020/06/30 00:41:32,2020/06/30 00:41:32,2020/06/30 00:41:32,2020/06/30 00:41:32,2020/06/30 00:41:32,2020/06/30 00:41:34,2020/06/30 00:41:34,2020/06/30 00:41:34,2020/06/30 00:41:34,2020/06/30 00:41:34,2020/06/30 00:41:34,2020/06/30 00:41:34,2020/06/30 00:41:34,2020/06/30 00:41:34,2020/06/30 00:41:34,2020/06/30 00:41:34,2020/06/30 00:41:34,2020/06/30 00:41:34,2020/06/30 00:41:35,2020/06/30 00:41:35,2020/06/30 00:41:35,2020/06/30 00:41:35,2020/06/30 00:41:35,2020/06/30 00:41:35,2020/06/30 00:41:35,2020/06/30 00:41:35,2020/06/30 00:41:35,2020/06/30 00:41:35,2020/06/30 00:41:35,2020/06/30 00:41:35,2020/06/30 00:41:35,');
/*!40000 ALTER TABLE `usertab` ENABLE KEYS */;
UNLOCK TABLES;

--
-- Table structure for table `x`
--

DROP TABLE IF EXISTS `x`;
/*!40101 SET @saved_cs_client     = @@character_set_client */;
/*!40101 SET character_set_client = utf8 */;
CREATE TABLE `x` (
  `tabname` varchar(200) NOT NULL,
  `sensors` varchar(500) NOT NULL
) ENGINE=MyISAM DEFAULT CHARSET=latin1;
/*!40101 SET character_set_client = @saved_cs_client */;

--
-- Dumping data for table `x`
--

LOCK TABLES `x` WRITE;
/*!40000 ALTER TABLE `x` DISABLE KEYS */;
/*!40000 ALTER TABLE `x` ENABLE KEYS */;
UNLOCK TABLES;
/*!40103 SET TIME_ZONE=@OLD_TIME_ZONE */;

/*!40101 SET SQL_MODE=@OLD_SQL_MODE */;
/*!40014 SET FOREIGN_KEY_CHECKS=@OLD_FOREIGN_KEY_CHECKS */;
/*!40014 SET UNIQUE_CHECKS=@OLD_UNIQUE_CHECKS */;
/*!40101 SET CHARACTER_SET_CLIENT=@OLD_CHARACTER_SET_CLIENT */;
/*!40101 SET CHARACTER_SET_RESULTS=@OLD_CHARACTER_SET_RESULTS */;
/*!40101 SET COLLATION_CONNECTION=@OLD_COLLATION_CONNECTION */;
/*!40111 SET SQL_NOTES=@OLD_SQL_NOTES */;

-- Dump completed on 2020-06-30 14:57:36
